date,symbol,close,volume
2025-09-30,MSFT,328.29,1222660
2025-10-01,MSFT,333.63,892069
2025-10-02,MSFT,331.64,2285463
2025-10-03,MSFT,326.15,644506
2025-10-06,MSFT,329.21,1625092
2025-10-07,MSFT,331.12,2194071
2025-10-08,MSFT,324.25,959024
2025-10-09,MSFT,329.85,1168458
2025-10-10,MSFT,344.21,759391
2025-10-13,MSFT,330.03,981877
2025-10-14,MSFT,331.79,462931
2025-10-15,MSFT,329.96,1564378
2025-10-16,MSFT,328.0,1007484
2025-10-17,MSFT,319.01,2118935
2025-10-20,MSFT,313.42,2491631
2025-10-21,MSFT,315.78,907515
2025-10-22,MSFT,317.14,768034
2025-10-23,MSFT,318.4,1295355
2025-10-24,MSFT,315.92,525167
2025-10-27,MSFT,310.31,2415399
2025-10-28,MSFT,309.05,1977786
2025-10-29,MSFT,306.08,1599102
2025-10-30,MSFT,313.78,1735031
2025-10-31,MSFT,315.4,525924
2025-11-03,MSFT,323.0,504070
2025-11-04,MSFT,327.04,1876654
2025-11-05,MSFT,331.44,1156620
2025-11-06,MSFT,324.2,638938
2025-11-07,MSFT,318.45,1552190
2025-11-10,MSFT,318.72,860616
2025-11-11,MSFT,320.34,1688244
2025-11-12,MSFT,315.48,1587442
2025-11-13,MSFT,310.74,1469591
2025-11-14,MSFT,309.83,1139992
2025-11-17,MSFT,309.63,1124200
2025-11-18,MSFT,301.97,2031775
2025-11-19,MSFT,307.29,1675602
2025-11-20,MSFT,291.11,2016117
2025-11-21,MSFT,293.1,2432040
2025-11-24,MSFT,294.06,649079
2025-11-25,MSFT,297.45,2281776
2025-11-26,MSFT,292.91,649193
2025-11-27,MSFT,289.31,613794
2025-11-28,MSFT,296.83,1607673
2025-12-01,MSFT,298.08,1182692
2025-12-02,MSFT,302.58,1957996
2025-12-03,MSFT,306.95,1996177
2025-12-04,MSFT,317.21,928528
2025-12-05,MSFT,319.92,2117196
2025-12-08,MSFT,318.18,1500729
2025-12-09,MSFT,319.55,1347365
2025-12-10,MSFT,317.16,1052016
2025-12-11,MSFT,311.13,1019141
2025-12-12,MSFT,308.94,905724
2025-12-15,MSFT,318.1,913862
2025-12-16,MSFT,317.29,1280645
2025-12-17,MSFT,320.26,515025
2025-12-18,MSFT,321.6,675716
2025-12-19,MSFT,322.86,811205
2025-12-22,MSFT,318.89,2160648
2025-12-23,MSFT,318.59,1338437
2025-12-24,MSFT,314.63,1901530
2025-12-25,MSFT,307.3,1108777
2025-12-26,MSFT,301.92,2331107
2025-12-29,MSFT,304.77,537860
2025-12-30,MSFT,294.61,2006022
2025-12-31,MSFT,300.31,1597404
2026-01-01,MSFT,292.12,1371562
2026-01-02,MSFT,302.07,1484831
2026-01-05,MSFT,306.81,1012387
2026-01-06,MSFT,310.09,2311017
2026-01-07,MSFT,309.34,1556260
2026-01-08,MSFT,311.64,573775
2026-01-09,MSFT,313.1,1866347
2026-01-12,MSFT,318.54,1419514
2026-01-13,MSFT,329.97,466794
2026-01-14,MSFT,330.84,2318093
2026-01-15,MSFT,324.49,1881002
2026-01-16,MSFT,317.46,1791620
2026-01-19,MSFT,324.11,1882870
2026-01-20,MSFT,324.82,1974861
2026-01-21,MSFT,322.58,2265477
2026-01-22,MSFT,322.9,1097502
2026-01-23,MSFT,322.04,1977581
2026-01-26,MSFT,313.89,470897
2026-01-27,MSFT,325.22,2333822
2026-01-28,MSFT,326.21,2135022
2026-01-29,MSFT,337.68,1583857
2026-01-30,MSFT,338.67,1220389
2026-02-02,MSFT,344.19,1216072
2026-02-03,MSFT,343.98,475084
2026-02-04,MSFT,348.64,1408920
2026-02-05,MSFT,346.82,2231939
2026-02-06,MSFT,346.98,613322
2026-02-09,MSFT,342.18,1913756
2026-02-10,MSFT,343.81,1436615
2026-02-11,MSFT,346.75,1291887
2026-02-12,MSFT,338.62,742015
2026-02-13,MSFT,333.69,1805823
2026-02-16,MSFT,325.87,1914789
2026-02-17,MSFT,331.85,1637101
2026-02-18,MSFT,330.6,2453091
2026-02-19,MSFT,348.55,1275988
2026-02-20,MSFT,348.64,1131141
2026-02-23,MSFT,347.45,2447591
2026-02-24,MSFT,342.01,914058
2026-02-25,MSFT,341.81,1635616
2026-02-26,MSFT,349.78,1278407
2026-02-27,MSFT,358.13,936355
2026-03-02,MSFT,346.18,1035217
2026-03-03,MSFT,349.79,1916152
2026-03-04,MSFT,346.32,446971
2026-03-05,MSFT,342.93,908058
2026-03-06,MSFT,346.76,456625
2026-03-09,MSFT,344.94,2062874
2026-03-10,MSFT,344.64,1258514
2026-03-11,MSFT,358.67,2303127
2026-03-12,MSFT,361.12,545716
2026-03-13,MSFT,370.4,1068282
2026-03-16,MSFT,366.68,1865340
2026-03-17,MSFT,365.11,548580
2026-03-18,MSFT,355.49,1812209
2026-03-19,MSFT,346.64,572400
2026-03-20,MSFT,359.4,444859
2026-03-23,MSFT,361.21,1298537
2026-03-24,MSFT,355.92,1316906
2026-03-25,MSFT,352.24,1014332
2026-03-26,MSFT,360.68,414043
2026-03-27,MSFT,346.38,878137
2026-03-30,MSFT,348.33,1793725
2026-03-31,MSFT,344.16,1206476
2026-04-01,MSFT,347.61,2069328
2026-04-02,MSFT,354.72,1660110
2026-04-03,MSFT,351.22,1688568
2026-04-06,MSFT,342.31,1948955
2026-04-07,MSFT,350.88,1945900
2026-04-08,MSFT,355.19,1525843
2026-04-09,MSFT,345.35,1124433
2026-04-10,MSFT,342.75,1903987
2026-04-13,MSFT,338.94,850791
2026-04-14,MSFT,342.58,1992584
2026-04-15,MSFT,336.25,1074053
2026-04-16,MSFT,327.14,2499387
2026-04-17,MSFT,337.31,2313718
2026-04-20,MSFT,340.02,1787705
2026-04-21,MSFT,341.4,856836
2026-04-22,MSFT,338.46,872092
2026-04-23,MSFT,343.4,1362962
2026-04-24,MSFT,341.65,578610
2026-04-27,MSFT,333.11,1371151
2026-04-28,MSFT,350.24,1346547
2026-04-29,MSFT,349.49,1904154
2026-04-30,MSFT,357.06,2494177
2026-05-01,MSFT,353.1,2055791
2026-05-04,MSFT,350.88,1246768
2026-05-05,MSFT,345.09,2284562
2026-05-06,MSFT,351.2,1390349
2026-05-07,MSFT,344.52,1904783
2026-05-08,MSFT,356.06,443247
2026-05-11,MSFT,353.15,2263222
2026-05-12,MSFT,359.22,1168660
2026-05-13,MSFT,352.53,1475310
2026-05-14,MSFT,346.65,858786
2026-05-15,MSFT,355.02,455817
2026-05-18,MSFT,364.5,1683543
2026-05-19,MSFT,375.0,486525
2026-05-20,MSFT,375.13,2051102
2026-05-21,MSFT,368.77,1985652
2026-05-22,MSFT,373.05,681186
2026-05-25,MSFT,365.33,742619
2026-05-26,MSFT,357.45,1541987
2026-05-27,MSFT,371.35,1527506
2026-05-28,MSFT,379.48,1070592
2026-05-29,MSFT,377.14,1989880
2026-06-01,MSFT,368.59,791972
2026-06-02,MSFT,359.05,2321652
2026-06-03,MSFT,362.92,543794
2026-06-04,MSFT,370.52,627354
2026-06-05,MSFT,359.98,1075301
2026-06-08,MSFT,357.66,1725101
2026-06-09,MSFT,349.93,1937776
2026-06-10,MSFT,355.78,1150699
2026-06-11,MSFT,355.74,1360636
2026-06-12,MSFT,362.58,1853682
2026-06-15,MSFT,365.07,776009
2026-06-16,MSFT,369.52,2195249
2026-06-17,MSFT,362.47,2473195
2026-06-18,MSFT,358.88,1250623
2026-06-19,MSFT,371.22,2245646
2026-06-22,MSFT,367.03,1492019
2026-06-23,MSFT,366.49,1062493
2026-06-24,MSFT,369.35,2449550
2026-06-25,MSFT,368.3,2332724
2026-06-26,MSFT,381.75,950979
2026-06-29,MSFT,380.72,1429085
2026-06-30,MSFT,370.06,804137
2026-07-01,MSFT,370.68,902126
2026-07-02,MSFT,379.01,1501394
2026-07-03,MSFT,375.97,563390
2026-07-06,MSFT,371.8,872986
2026-07-07,MSFT,370.59,2433922
2026-07-08,MSFT,375.1,2087205
2026-07-09,MSFT,386.76,1856734
2026-07-10,MSFT,391.22,1105002
2026-07-13,MSFT,387.32,1141169
2026-07-14,MSFT,383.35,1514382
2026-07-15,MSFT,388.59,1602475
2026-07-16,MSFT,387.18,909999
2026-07-17,MSFT,398.01,1834413
2026-07-20,MSFT,403.53,2186350
2026-07-21,MSFT,405.92,1011377
2026-07-22,MSFT,400.19,2104483
2026-07-23,MSFT,398.55,730456
2026-07-24,MSFT,400.38,650320
2026-07-27,MSFT,383.57,964987
2026-07-28,MSFT,367.15,759863
2026-07-29,MSFT,369.1,2487681
2026-07-30,MSFT,368.89,1712171
2026-07-31,MSFT,372.4,999912
2026-08-03,MSFT,375.35,2492069
2026-08-04,MSFT,376.12,1142485
2026-08-05,MSFT,396.7,1565404
2026-08-06,MSFT,396.38,636991
2026-08-07,MSFT,392.01,2283983
2026-08-10,MSFT,402.25,1604589
2026-08-11,MSFT,408.92,1391567
2026-08-12,MSFT,405.85,526300
2026-08-13,MSFT,389.18,1358292
2026-08-14,MSFT,376.46,923287
2026-08-17,MSFT,370.4,1472302
2026-08-18,MSFT,370.45,1903093
2026-08-19,MSFT,371.9,2248627
2026-08-20,MSFT,368.47,1159243
2026-08-21,MSFT,378.04,985165
2026-08-24,MSFT,372.74,930702
2026-08-25,MSFT,361.54,2353086
2026-08-26,MSFT,364.95,1678377
2026-08-27,MSFT,375.64,2424985
2026-08-28,MSFT,379.12,1630279
2026-08-31,MSFT,393.09,1088810
2026-09-01,MSFT,399.28,1784494
2026-09-02,MSFT,381.7,2343488
2026-09-03,MSFT,383.24,570097
2026-09-04,MSFT,391.29,1587693
2026-09-07,MSFT,395.47,1740837
2026-09-08,MSFT,393.79,2367396
2026-09-09,MSFT,399.38,2303996
2026-09-10,MSFT,399.89,1321794
2026-09-11,MSFT,397.64,2405361
2026-09-14,MSFT,398.86,1957889
2026-09-15,MSFT,400.33,1455397
2026-09-16,MSFT,404.13,1148739
2026-09-17,MSFT,419.7,706758
2026-09-18,MSFT,414.32,2285279
2026-09-21,MSFT,435.53,596790
2026-09-22,MSFT,426.84,2250362
2026-09-23,MSFT,422.96,447815
2026-09-24,MSFT,423.88,1396084
2026-09-25,MSFT,423.96,2426126
2026-09-28,MSFT,413.69,1246797
2026-09-29,MSFT,412.39,1092935
2026-09-30,MSFT,413.06,1116031
2025-09-30,AAPL,214.69,1301745
2025-10-01,AAPL,215.89,787673
2025-10-02,AAPL,215.37,1554394
2025-10-03,AAPL,213.8,412678
2025-10-06,AAPL,209.74,1697339
2025-10-07,AAPL,208.26,425578
2025-10-08,AAPL,213.41,1669994
2025-10-09,AAPL,210.11,1080154
2025-10-10,AAPL,207.99,2425318
2025-10-13,AAPL,204.84,784803
2025-10-14,AAPL,200.69,750217
2025-10-15,AAPL,208.09,1499176
2025-10-16,AAPL,214.58,476355
2025-10-17,AAPL,212.11,1709170
2025-10-20,AAPL,211.44,738209
2025-10-21,AAPL,212.27,2267626
2025-10-22,AAPL,219.92,1566038
2025-10-23,AAPL,223.67,1273309
2025-10-24,AAPL,218.94,1606796
2025-10-27,AAPL,218.59,757911
2025-10-28,AAPL,222.84,838227
2025-10-29,AAPL,217.63,1269715
2025-10-30,AAPL,213.76,2454646
2025-10-31,AAPL,210.28,1929685
2025-11-03,AAPL,211.99,1117006
2025-11-04,AAPL,216.5,1010793
2025-11-05,AAPL,218.63,895060
2025-11-06,AAPL,219.78,890005
2025-11-07,AAPL,226.47,2399700
2025-11-10,AAPL,226.9,874072
2025-11-11,AAPL,226.73,1362063
2025-11-12,AAPL,228.65,1558293
2025-11-13,AAPL,228.74,2063382
2025-11-14,AAPL,226.81,1761817
2025-11-17,AAPL,225.1,909939
2025-11-18,AAPL,233.61,713406
2025-11-19,AAPL,231.4,445201
2025-11-20,AAPL,225.16,1965261
2025-11-21,AAPL,231.82,2032394
2025-11-24,AAPL,232.4,551023
2025-11-25,AAPL,231.1,1006919
2025-11-26,AAPL,232.57,2257619
2025-11-27,AAPL,232.85,990573
2025-11-28,AAPL,228.42,1182139
2025-12-01,AAPL,224.47,720965
2025-12-02,AAPL,225.66,1654665
2025-12-03,AAPL,223.7,1683763
2025-12-04,AAPL,224.34,781215
2025-12-05,AAPL,222.98,467123
2025-12-08,AAPL,224.72,1175221
2025-12-09,AAPL,225.85,2013622
2025-12-10,AAPL,218.61,2000165
2025-12-11,AAPL,220.05,1032926
2025-12-12,AAPL,216.1,1260295
2025-12-15,AAPL,214.58,1018051
2025-12-16,AAPL,215.24,1917021
2025-12-17,AAPL,221.74,2040100
2025-12-18,AAPL,214.21,1142977
2025-12-19,AAPL,210.64,497019
2025-12-22,AAPL,218.29,681729
2025-12-23,AAPL,216.4,1921418
2025-12-24,AAPL,219.97,1080038
2025-12-25,AAPL,222.27,1673755
2025-12-26,AAPL,222.48,2193198
2025-12-29,AAPL,226.11,1992533
2025-12-30,AAPL,228.58,1821350
2025-12-31,AAPL,226.83,781265
2026-01-01,AAPL,225.72,1072596
2026-01-02,AAPL,223.27,2091496
2026-01-05,AAPL,221.48,2487798
2026-01-06,AAPL,215.71,1749436
2026-01-07,AAPL,212.68,1365649
2026-01-08,AAPL,208.91,2474078
2026-01-09,AAPL,206.92,792072
2026-01-12,AAPL,210.14,2469885
2026-01-13,AAPL,212.44,517596
2026-01-14,AAPL,215.59,2222897
2026-01-15,AAPL,213.61,1210703
2026-01-16,AAPL,218.82,2468314
2026-01-19,AAPL,219.68,2331697
2026-01-20,AAPL,216.09,2143859
2026-01-21,AAPL,220.99,515738
2026-01-22,AAPL,223.48,2263613
2026-01-23,AAPL,216.7,1579856
2026-01-26,AAPL,217.39,413373
2026-01-27,AAPL,217.85,1395809
2026-01-28,AAPL,223.68,1854681
2026-01-29,AAPL,222.79,1724805
2026-01-30,AAPL,221.58,1445678
2026-02-02,AAPL,221.05,661167
2026-02-03,AAPL,224.35,2222386
2026-02-04,AAPL,221.51,1139277
2026-02-05,AAPL,220.7,1064803
2026-02-06,AAPL,226.68,758953
2026-02-09,AAPL,231.08,1039891
2026-02-10,AAPL,228.75,1017786
2026-02-11,AAPL,227.54,1348692
2026-02-12,AAPL,233.75,1970884
2026-02-13,AAPL,237.56,2411649
2026-02-16,AAPL,238.06,1789528
2026-02-17,AAPL,237.54,1213569
2026-02-18,AAPL,246.31,748112
2026-02-19,AAPL,244.4,1954758
2026-02-20,AAPL,243.1,1625902
2026-02-23,AAPL,243.41,414653
2026-02-24,AAPL,242.96,1767244
2026-02-25,AAPL,241.63,1096596
2026-02-26,AAPL,232.73,2374594
2026-02-27,AAPL,237.38,1358443
2026-03-02,AAPL,230.43,1415488
2026-03-03,AAPL,232.3,1229565
2026-03-04,AAPL,233.74,2238965
2026-03-05,AAPL,234.58,810494
2026-03-06,AAPL,234.14,1768595
2026-03-09,AAPL,239.02,1996307
2026-03-10,AAPL,241.02,2329378
2026-03-11,AAPL,241.21,2449253
2026-03-12,AAPL,238.39,1167482
2026-03-13,AAPL,228.05,1331268
2026-03-16,AAPL,226.33,1514678
2026-03-17,AAPL,224.02,935451
2026-03-18,AAPL,230.46,468022
2026-03-19,AAPL,230.82,2235048
2026-03-20,AAPL,238.58,1341996
2026-03-23,AAPL,242.66,1049525
2026-03-24,AAPL,244.52,850832
2026-03-25,AAPL,238.74,472027
2026-03-26,AAPL,233.52,2244035
2026-03-27,AAPL,238.84,820624
2026-03-30,AAPL,240.19,2202673
2026-03-31,AAPL,243.15,2223719
2026-04-01,AAPL,243.67,1536350
2026-04-02,AAPL,248.33,2307449
2026-04-03,AAPL,248.19,1407546
2026-04-06,AAPL,242.85,1142003
2026-04-07,AAPL,237.64,441175
2026-04-08,AAPL,233.66,2267226
2026-04-09,AAPL,229.84,1271380
2026-04-10,AAPL,230.79,1811509
2026-04-13,AAPL,232.73,933452
2026-04-14,AAPL,235.86,1188915
2026-04-15,AAPL,242.86,1043551
2026-04-16,AAPL,245.02,1925539
2026-04-17,AAPL,243.1,905139
2026-04-20,AAPL,250.85,654874
2026-04-21,AAPL,258.35,1979420
2026-04-22,AAPL,251.62,1273905
2026-04-23,AAPL,250.73,1481292
2026-04-24,AAPL,249.55,1300221
2026-04-27,AAPL,248.77,818567
2026-04-28,AAPL,258.19,1824329
2026-04-29,AAPL,258.56,556044
2026-04-30,AAPL,266.75,1032965
2026-05-01,AAPL,265.19,2157465
2026-05-04,AAPL,258.18,1949428
2026-05-05,AAPL,255.64,2160686
2026-05-06,AAPL,260.6,1993562
2026-05-07,AAPL,256.94,1553429
2026-05-08,AAPL,259.88,986524
2026-05-11,AAPL,264.37,1727359
2026-05-12,AAPL,264.25,876066
2026-05-13,AAPL,266.07,1786786
2026-05-14,AAPL,269.94,1614666
2026-05-15,AAPL,267.89,716451
2026-05-18,AAPL,260.94,1115630
2026-05-19,AAPL,258.7,557633
2026-05-20,AAPL,252.56,1585015
2026-05-21,AAPL,247.46,2106353
2026-05-22,AAPL,242.49,980847
2026-05-25,AAPL,247.96,994159
2026-05-26,AAPL,242.8,1432187
2026-05-27,AAPL,245.86,1504162
2026-05-28,AAPL,245.96,1494045
2026-05-29,AAPL,245.86,750396
2026-06-01,AAPL,235.32,988016
2026-06-02,AAPL,234.7,1686730
2026-06-03,AAPL,229.42,1959997
2026-06-04,AAPL,230.85,2428891
2026-06-05,AAPL,228.99,1112756
2026-06-08,AAPL,220.33,1606354
2026-06-09,AAPL,216.8,598750
2026-06-10,AAPL,216.75,1428233
2026-06-11,AAPL,220.62,2015115
2026-06-12,AAPL,221.84,1401166
2026-06-15,AAPL,214.7,1499197
2026-06-16,AAPL,211.92,1269422
2026-06-17,AAPL,218.66,528805
2026-06-18,AAPL,218.28,488200
2026-06-19,AAPL,216.14,824886
2026-06-22,AAPL,212.51,533074
2026-06-23,AAPL,217.29,2152044
2026-06-24,AAPL,213.49,1244225
2026-06-25,AAPL,209.75,1177938
2026-06-26,AAPL,200.45,1077593
2026-06-29,AAPL,200.56,1642172
2026-06-30,AAPL,194.02,2191532
2026-07-01,AAPL,190.82,1554607
2026-07-02,AAPL,189.4,2299465
2026-07-03,AAPL,188.66,701951
2026-07-06,AAPL,188.47,450653
2026-07-07,AAPL,187.68,1125046
2026-07-08,AAPL,186.28,1125019
2026-07-09,AAPL,186.96,1655494
2026-07-10,AAPL,189.73,2012520
2026-07-13,AAPL,195.08,650171
2026-07-14,AAPL,188.58,1685749
2026-07-15,AAPL,194.78,816324
2026-07-16,AAPL,195.7,521401
2026-07-17,AAPL,198.97,1842951
2026-07-20,AAPL,198.96,552895
2026-07-21,AAPL,199.77,487018
2026-07-22,AAPL,203.83,2119075
2026-07-23,AAPL,203.6,2036836
2026-07-24,AAPL,202.07,841822
2026-07-27,AAPL,204.12,718930
2026-07-28,AAPL,202.78,2140064
2026-07-29,AAPL,200.51,976027
2026-07-30,AAPL,193.89,558794
2026-07-31,AAPL,190.57,1516186
2026-08-03,AAPL,198.16,1879739
2026-08-04,AAPL,199.17,1368075
2026-08-05,AAPL,200.65,1732253
2026-08-06,AAPL,196.2,1918476
2026-08-07,AAPL,197.54,1106959
2026-08-10,AAPL,199.92,939352
2026-08-11,AAPL,203.07,604167
2026-08-12,AAPL,207.92,1775664
2026-08-13,AAPL,204.4,1230701
2026-08-14,AAPL,204.77,1655213
2026-08-17,AAPL,207.1,971831
2026-08-18,AAPL,205.36,1516849
2026-08-19,AAPL,211.64,1106268
2026-08-20,AAPL,204.27,1330790
2026-08-21,AAPL,200.05,1055402
2026-08-24,AAPL,204.18,1974263
2026-08-25,AAPL,207.37,1861177
2026-08-26,AAPL,206.37,1052688
2026-08-27,AAPL,205.7,2277133
2026-08-28,AAPL,213.18,1020581
2026-08-31,AAPL,214.35,1319044
2026-09-01,AAPL,216.59,888964
2026-09-02,AAPL,214.61,1257084
2026-09-03,AAPL,214.26,825740
2026-09-04,AAPL,210.94,1738542
2026-09-07,AAPL,206.52,1230813
2026-09-08,AAPL,201.99,2323520
2026-09-09,AAPL,203.84,1266887
2026-09-10,AAPL,193.31,1405484
2026-09-11,AAPL,191.92,756796
2026-09-14,AAPL,193.57,2400986
2026-09-15,AAPL,196.11,1693668
2026-09-16,AAPL,195.22,1445493
2026-09-17,AAPL,201.6,2030273
2026-09-18,AAPL,198.28,1611299
2026-09-21,AAPL,197.37,420433
2026-09-22,AAPL,199.61,752565
2026-09-23,AAPL,203.69,1706270
2026-09-24,AAPL,197.46,1069553
2026-09-25,AAPL,200.42,606871
2026-09-28,AAPL,202.05,1860667
2026-09-29,AAPL,205.34,855409
2026-09-30,AAPL,203.26,1591260
2025-09-30,NVDA,99.61,2385190
2025-10-01,NVDA,100.28,803638
2025-10-02,NVDA,100.08,2052921
2025-10-03,NVDA,102.06,1176819
2025-10-06,NVDA,104.13,504928
2025-10-07,NVDA,107.24,744830
2025-10-08,NVDA,107.55,1257140
2025-10-09,NVDA,108.88,1919158
2025-10-10,NVDA,107.41,1103105
2025-10-13,NVDA,107.21,1972897
2025-10-14,NVDA,108.57,2318559
2025-10-15,NVDA,109.29,2123762
2025-10-16,NVDA,109.92,1765923
2025-10-17,NVDA,110.0,948222
2025-10-20,NVDA,107.36,573222
2025-10-21,NVDA,107.91,2039301
2025-10-22,NVDA,105.73,2402068
2025-10-23,NVDA,106.91,945715
2025-10-24,NVDA,108.1,682043
2025-10-27,NVDA,110.57,1738861
2025-10-28,NVDA,111.31,613381
2025-10-29,NVDA,109.65,757203
2025-10-30,NVDA,112.42,2393506
2025-10-31,NVDA,111.39,1686667
2025-11-03,NVDA,109.48,1952190
2025-11-04,NVDA,113.09,992921
2025-11-05,NVDA,112.81,2299528
2025-11-06,NVDA,115.03,1243160
2025-11-07,NVDA,114.95,1099691
2025-11-10,NVDA,117.67,2044112
2025-11-11,NVDA,120.15,900767
2025-11-12,NVDA,119.71,1357612
2025-11-13,NVDA,121.47,952149
2025-11-14,NVDA,121.58,846899
2025-11-17,NVDA,124.01,1244130
2025-11-18,NVDA,123.03,2101744
2025-11-19,NVDA,122.22,881577
2025-11-20,NVDA,122.58,1435181
2025-11-21,NVDA,125.89,1595591
2025-11-24,NVDA,126.72,1631852
2025-11-25,NVDA,126.04,417790
2025-11-26,NVDA,125.04,1487328
2025-11-27,NVDA,121.17,596026
2025-11-28,NVDA,119.17,2078276
2025-12-01,NVDA,117.46,680758
2025-12-02,NVDA,119.77,1326625
2025-12-03,NVDA,116.0,2458596
2025-12-04,NVDA,118.4,883287
2025-12-05,NVDA,117.28,768496
2025-12-08,NVDA,116.18,841174
2025-12-09,NVDA,115.24,1330094
2025-12-10,NVDA,114.47,708072
2025-12-11,NVDA,113.68,497302
2025-12-12,NVDA,113.91,1462380
2025-12-15,NVDA,113.13,1486538
2025-12-16,NVDA,112.76,1900030
2025-12-17,NVDA,112.8,2265833
2025-12-18,NVDA,111.06,790186
2025-12-19,NVDA,109.46,1284054
2025-12-22,NVDA,111.46,1326947
2025-12-23,NVDA,108.23,1751980
2025-12-24,NVDA,107.42,1830240
2025-12-25,NVDA,109.49,1386539
2025-12-26,NVDA,112.56,1341026
2025-12-29,NVDA,110.44,702416
2025-12-30,NVDA,107.84,1693141
2025-12-31,NVDA,106.89,1634611
2026-01-01,NVDA,106.97,1216096
2026-01-02,NVDA,106.15,975219
2026-01-05,NVDA,103.07,1426518
2026-01-06,NVDA,102.02,1371487
2026-01-07,NVDA,104.02,680797
2026-01-08,NVDA,106.5,1704942
2026-01-09,NVDA,108.83,1542653
2026-01-12,NVDA,107.66,1189524
2026-01-13,NVDA,111.02,2153614
2026-01-14,NVDA,113.42,1033700
2026-01-15,NVDA,113.78,1217805
2026-01-16,NVDA,110.28,2300597
2026-01-19,NVDA,109.37,943854
2026-01-20,NVDA,111.09,1666548
2026-01-21,NVDA,108.63,1546643
2026-01-22,NVDA,109.33,1090351
2026-01-23,NVDA,109.83,502311
2026-01-26,NVDA,112.14,2329434
2026-01-27,NVDA,109.74,611770
2026-01-28,NVDA,108.46,1196810
2026-01-29,NVDA,106.73,2257328
2026-01-30,NVDA,105.02,1219723
2026-02-02,NVDA,102.56,647489
2026-02-03,NVDA,99.87,1303263
2026-02-04,NVDA,97.23,737496
2026-02-05,NVDA,94.8,1617082
2026-02-06,NVDA,95.17,957574
2026-02-09,NVDA,93.69,2067806
2026-02-10,NVDA,91.07,529945
2026-02-11,NVDA,92.94,786692
2026-02-12,NVDA,94.47,1412902
2026-02-13,NVDA,94.44,2116487
2026-02-16,NVDA,92.62,771256
2026-02-17,NVDA,95.12,750927
2026-02-18,NVDA,92.75,589768
2026-02-19,NVDA,93.27,1608746
2026-02-20,NVDA,88.82,2311182
2026-02-23,NVDA,90.0,1575311
2026-02-24,NVDA,89.82,1349049
2026-02-25,NVDA,91.38,892131
2026-02-26,NVDA,89.98,1720899
2026-02-27,NVDA,91.26,1799300
2026-03-02,NVDA,91.49,1577596
2026-03-03,NVDA,89.84,706018
2026-03-04,NVDA,89.41,2458519
2026-03-05,NVDA,92.98,1138399
2026-03-06,NVDA,92.78,985308
2026-03-09,NVDA,92.15,1769496
2026-03-10,NVDA,93.59,798691
2026-03-11,NVDA,93.71,2290947
2026-03-12,NVDA,96.55,661913
2026-03-13,NVDA,98.23,680556
2026-03-16,NVDA,98.47,953100
2026-03-17,NVDA,100.33,1827007
2026-03-18,NVDA,99.89,608717
2026-03-19,NVDA,98.43,1628628
2026-03-20,NVDA,100.23,820735
2026-03-23,NVDA,98.72,1425704
2026-03-24,NVDA,102.09,2090709
2026-03-25,NVDA,99.01,1996122
2026-03-26,NVDA,99.77,662288
2026-03-27,NVDA,99.86,831291
2026-03-30,NVDA,102.18,417715
2026-03-31,NVDA,102.97,1805568
2026-04-01,NVDA,103.28,2411090
2026-04-02,NVDA,102.05,696304
2026-04-03,NVDA,100.58,1723801
2026-04-06,NVDA,99.16,703978
2026-04-07,NVDA,98.44,1516377
2026-04-08,NVDA,100.07,835004
2026-04-09,NVDA,101.0,1213269
2026-04-10,NVDA,100.01,911577
2026-04-13,NVDA,100.27,2370720
2026-04-14,NVDA,99.82,2368656
2026-04-15,NVDA,101.01,2387093
2026-04-16,NVDA,101.74,1052742
2026-04-17,NVDA,100.24,2447327
2026-04-20,NVDA,100.76,2232776
2026-04-21,NVDA,102.67,510261
2026-04-22,NVDA,103.78,1895964
2026-04-23,NVDA,102.81,2285309
2026-04-24,NVDA,106.63,1320150
2026-04-27,NVDA,105.95,1201340
2026-04-28,NVDA,105.46,1534835
2026-04-29,NVDA,105.21,1702653
2026-04-30,NVDA,105.16,1362052
2026-05-01,NVDA,104.99,1817529
2026-05-04,NVDA,102.84,2060199
2026-05-05,NVDA,103.93,641168
2026-05-06,NVDA,107.33,1436301
2026-05-07,NVDA,106.62,1249641
2026-05-08,NVDA,104.19,926746
2026-05-11,NVDA,108.67,1855802
2026-05-12,NVDA,112.74,940118
2026-05-13,NVDA,112.55,2116209
2026-05-14,NVDA,113.13,2254262
2026-05-15,NVDA,114.18,504351
2026-05-18,NVDA,117.07,2331125
2026-05-19,NVDA,117.66,2251167
2026-05-20,NVDA,119.57,2048573
2026-05-21,NVDA,121.59,510436
2026-05-22,NVDA,123.41,2065657
2026-05-25,NVDA,120.98,1972058
2026-05-26,NVDA,119.32,1808136
2026-05-27,NVDA,120.74,440551
2026-05-28,NVDA,120.03,1982056
2026-05-29,NVDA,121.34,812521
2026-06-01,NVDA,118.85,513685
2026-06-02,NVDA,116.8,985610
2026-06-03,NVDA,114.87,1447322
2026-06-04,NVDA,115.65,1794942
2026-06-05,NVDA,115.28,2450100
2026-06-08,NVDA,117.41,1974321
2026-06-09,NVDA,113.92,908303
2026-06-10,NVDA,115.31,1741674
2026-06-11,NVDA,117.38,552468
2026-06-12,NVDA,113.47,1087527
2026-06-15,NVDA,116.6,898632
2026-06-16,NVDA,115.1,1212708
2026-06-17,NVDA,115.33,1059711
2026-06-18,NVDA,113.31,727324
2026-06-19,NVDA,111.68,898523
2026-06-22,NVDA,114.02,1838579
2026-06-23,NVDA,116.01,1653061
2026-06-24,NVDA,117.53,774574
2026-06-25,NVDA,116.72,1180082
2026-06-26,NVDA,116.78,753978
2026-06-29,NVDA,119.21,1557869
2026-06-30,NVDA,119.19,1261188
2026-07-01,NVDA,118.87,860946
2026-07-02,NVDA,118.06,407183
2026-07-03,NVDA,118.3,814744
2026-07-06,NVDA,118.81,806697
2026-07-07,NVDA,118.77,1146920
2026-07-08,NVDA,120.68,1337660
2026-07-09,NVDA,119.44,811837
2026-07-10,NVDA,121.09,998654
2026-07-13,NVDA,120.22,1596841
2026-07-14,NVDA,117.98,2252913
2026-07-15,NVDA,117.68,1091472
2026-07-16,NVDA,116.8,1782903
2026-07-17,NVDA,117.61,1308355
2026-07-20,NVDA,120.18,1235907
2026-07-21,NVDA,119.69,2266996
2026-07-22,NVDA,118.0,1959058
2026-07-23,NVDA,117.26,1678132
2026-07-24,NVDA,114.94,1892645
2026-07-27,NVDA,114.01,1110061
2026-07-28,NVDA,118.46,2058045
2026-07-29,NVDA,116.2,958893
2026-07-30,NVDA,115.76,1036045
2026-07-31,NVDA,114.97,2382491
2026-08-03,NVDA,115.48,1121531
2026-08-04,NVDA,115.46,1164075
2026-08-05,NVDA,115.95,1031547
2026-08-06,NVDA,123.89,1162166
2026-08-07,NVDA,123.51,492890
2026-08-10,NVDA,124.12,2354442
2026-08-11,NVDA,120.01,1525467
2026-08-12,NVDA,123.54,2388287
2026-08-13,NVDA,123.34,2321527
2026-08-14,NVDA,121.49,1156103
2026-08-17,NVDA,122.19,2183821
2026-08-18,NVDA,121.02,457293
2026-08-19,NVDA,119.33,741625
2026-08-20,NVDA,121.05,928092
2026-08-21,NVDA,122.06,2453360
2026-08-24,NVDA,120.93,1956980
2026-08-25,NVDA,119.76,1844235
2026-08-26,NVDA,121.27,2169771
2026-08-27,NVDA,122.33,1028465
2026-08-28,NVDA,119.28,2010405
2026-08-31,NVDA,121.6,1548558
2026-09-01,NVDA,119.51,708477
2026-09-02,NVDA,116.38,740464
2026-09-03,NVDA,115.69,1825369
2026-09-04,NVDA,114.38,1733793
2026-09-07,NVDA,115.24,1570919
2026-09-08,NVDA,110.71,1706103
2026-09-09,NVDA,109.28,976622
2026-09-10,NVDA,106.24,1373244
2026-09-11,NVDA,106.22,1020671
2026-09-14,NVDA,106.93,2221855
2026-09-15,NVDA,110.39,2004415
2026-09-16,NVDA,110.97,1228829
2026-09-17,NVDA,114.2,1508304
2026-09-18,NVDA,113.94,1612970
2026-09-21,NVDA,112.83,1803022
2026-09-22,NVDA,111.7,2493387
2026-09-23,NVDA,113.27,1074662
2026-09-24,NVDA,120.18,524524
2026-09-25,NVDA,120.69,1878197
2026-09-28,NVDA,123.33,1176764
2026-09-29,NVDA,127.23,1270407
2026-09-30,NVDA,127.03,797409
2025-09-30,AMZN,164.21,1489896
2025-10-01,AMZN,169.99,530819
2025-10-02,AMZN,168.58,1592395
2025-10-03,AMZN,172.85,2358883
2025-10-06,AMZN,170.75,2445988
2025-10-07,AMZN,166.29,590380
2025-10-08,AMZN,170.45,2180118
2025-10-09,AMZN,171.42,726173
2025-10-10,AMZN,173.11,544267
2025-10-13,AMZN,175.76,1279969
2025-10-14,AMZN,177.55,1172817
2025-10-15,AMZN,177.15,2471414
2025-10-16,AMZN,180.96,1821386
2025-10-17,AMZN,180.23,754080
2025-10-20,AMZN,184.28,2351177
2025-10-21,AMZN,182.27,408757
2025-10-22,AMZN,181.4,1392224
2025-10-23,AMZN,181.28,1424134
2025-10-24,AMZN,184.79,1160007
2025-10-27,AMZN,186.12,1120154
2025-10-28,AMZN,181.73,685294
2025-10-29,AMZN,177.88,734898
2025-10-30,AMZN,171.51,2432448
2025-10-31,AMZN,175.06,2150685
2025-11-03,AMZN,174.45,1734327
2025-11-04,AMZN,174.78,2086622
2025-11-05,AMZN,178.26,1102126
2025-11-06,AMZN,179.73,420378
2025-11-07,AMZN,173.55,1489918
2025-11-10,AMZN,175.12,1521356
2025-11-11,AMZN,172.86,653262
2025-11-12,AMZN,181.24,1879128
2025-11-13,AMZN,184.65,2207474
2025-11-14,AMZN,184.27,1837625
2025-11-17,AMZN,181.7,2066146
2025-11-18,AMZN,180.2,1786735
2025-11-19,AMZN,184.89,2416650
2025-11-20,AMZN,187.0,761047
2025-11-21,AMZN,183.72,1415555
2025-11-24,AMZN,184.56,2182627
2025-11-25,AMZN,189.66,2083446
2025-11-26,AMZN,192.9,1897766
2025-11-27,AMZN,193.39,862837
2025-11-28,AMZN,198.74,733151
2025-12-01,AMZN,195.9,554628
2025-12-02,AMZN,196.43,2284576
2025-12-03,AMZN,193.37,1973509
2025-12-04,AMZN,198.56,698004
2025-12-05,AMZN,196.11,737351
2025-12-08,AMZN,200.57,646270
2025-12-09,AMZN,204.31,1232378
2025-12-10,AMZN,200.9,2404457
2025-12-11,AMZN,197.82,1626532
2025-12-12,AMZN,199.63,2365163
2025-12-15,AMZN,200.79,1094710
2025-12-16,AMZN,205.55,1546742
2025-12-17,AMZN,203.0,1071845
2025-12-18,AMZN,202.37,2256690
2025-12-19,AMZN,200.36,500177
2025-12-22,AMZN,198.02,1419141
2025-12-23,AMZN,196.42,1001326
2025-12-24,AMZN,190.55,2361194
2025-12-25,AMZN,198.36,1546795
2025-12-26,AMZN,196.58,1978970
2025-12-29,AMZN,200.36,624881
2025-12-30,AMZN,199.7,1423740
2025-12-31,AMZN,197.0,518711
2026-01-01,AMZN,196.97,933951
2026-01-02,AMZN,197.1,1942340
2026-01-05,AMZN,200.06,1120454
2026-01-06,AMZN,199.06,1104495
2026-01-07,AMZN,195.55,1750275
2026-01-08,AMZN,199.16,1112978
2026-01-09,AMZN,206.3,1846734
2026-01-12,AMZN,208.72,979622
2026-01-13,AMZN,209.62,1387745
2026-01-14,AMZN,210.15,1989532
2026-01-15,AMZN,211.34,845204
2026-01-16,AMZN,210.15,858470
2026-01-19,AMZN,210.61,589158
2026-01-20,AMZN,207.83,1435240
2026-01-21,AMZN,207.16,1016055
2026-01-22,AMZN,208.95,862923
2026-01-23,AMZN,206.15,1476333
2026-01-26,AMZN,203.52,1600766
2026-01-27,AMZN,198.8,1241616
2026-01-28,AMZN,200.22,1120966
2026-01-29,AMZN,199.7,1534357
2026-01-30,AMZN,200.08,1249899
2026-02-02,AMZN,198.02,753651
2026-02-03,AMZN,193.35,507033
2026-02-04,AMZN,191.31,822152
2026-02-05,AMZN,190.88,1221489
2026-02-06,AMZN,186.09,2234687
2026-02-09,AMZN,182.78,2067686
2026-02-10,AMZN,185.58,1678831
2026-02-11,AMZN,182.85,1560651
2026-02-12,AMZN,181.53,569207
2026-02-13,AMZN,178.06,1632346
2026-02-16,AMZN,177.5,1708779
2026-02-17,AMZN,177.4,2269766
2026-02-18,AMZN,171.44,1427998
2026-02-19,AMZN,168.74,841397
2026-02-20,AMZN,172.82,2237606
2026-02-23,AMZN,172.73,1933325
2026-02-24,AMZN,174.01,1113714
2026-02-25,AMZN,172.14,1188528
2026-02-26,AMZN,173.6,2073376
2026-02-27,AMZN,167.97,2261143
2026-03-02,AMZN,162.77,786677
2026-03-03,AMZN,157.33,1781989
2026-03-04,AMZN,155.93,1457806
2026-03-05,AMZN,151.4,2361412
2026-03-06,AMZN,151.14,2367017
2026-03-09,AMZN,149.89,1779715
2026-03-10,AMZN,149.98,1696502
2026-03-11,AMZN,148.33,1115783
2026-03-12,AMZN,152.21,1978079
2026-03-13,AMZN,148.6,990533
2026-03-16,AMZN,144.87,2097812
2026-03-17,AMZN,146.54,470710
2026-03-18,AMZN,151.75,841847
2026-03-19,AMZN,150.27,1307884
2026-03-20,AMZN,153.2,1151983
2026-03-23,AMZN,152.45,864982
2026-03-24,AMZN,148.65,2123944
2026-03-25,AMZN,144.15,1559841
2026-03-26,AMZN,143.41,2437870
2026-03-27,AMZN,144.27,1195500
2026-03-30,AMZN,141.51,1491278
2026-03-31,AMZN,140.29,738241
2026-04-01,AMZN,142.85,2458601
2026-04-02,AMZN,144.61,2062846
2026-04-03,AMZN,150.23,2212262
2026-04-06,AMZN,149.04,2376801
2026-04-07,AMZN,147.62,451171
2026-04-08,AMZN,151.61,1376763
2026-04-09,AMZN,151.95,1779513
2026-04-10,AMZN,151.15,1141706
2026-04-13,AMZN,146.35,659094
2026-04-14,AMZN,146.38,2138492
2026-04-15,AMZN,146.86,438471
2026-04-16,AMZN,144.26,2086121
2026-04-17,AMZN,145.77,1837173
2026-04-20,AMZN,150.94,1151917
2026-04-21,AMZN,148.83,2161347
2026-04-22,AMZN,146.91,895113
2026-04-23,AMZN,149.1,2290784
2026-04-24,AMZN,150.7,924244
2026-04-27,AMZN,147.21,978547
2026-04-28,AMZN,149.21,2416751
2026-04-29,AMZN,145.83,1256761
2026-04-30,AMZN,142.9,2065068
2026-05-01,AMZN,143.68,2161927
2026-05-04,AMZN,147.1,1932508
2026-05-05,AMZN,152.8,1340561
2026-05-06,AMZN,148.85,1814982
2026-05-07,AMZN,147.64,989414
2026-05-08,AMZN,144.45,1692413
2026-05-11,AMZN,144.99,1238354
2026-05-12,AMZN,146.08,1273565
2026-05-13,AMZN,142.93,1823563
2026-05-14,AMZN,139.32,888487
2026-05-15,AMZN,144.32,1302381
2026-05-18,AMZN,144.14,2474267
2026-05-19,AMZN,142.32,1162412
2026-05-20,AMZN,144.98,1912979
2026-05-21,AMZN,146.46,1224276
2026-05-22,AMZN,143.74,1271086
2026-05-25,AMZN,144.11,1162438
2026-05-26,AMZN,143.72,1825548
2026-05-27,AMZN,142.74,1088340
2026-05-28,AMZN,145.82,2066988
2026-05-29,AMZN,146.53,1976787
2026-06-01,AMZN,139.97,1489914
2026-06-02,AMZN,138.42,1575044
2026-06-03,AMZN,135.59,405592
2026-06-04,AMZN,137.6,1458077
2026-06-05,AMZN,140.61,1279234
2026-06-08,AMZN,138.72,661958
2026-06-09,AMZN,135.97,1921355
2026-06-10,AMZN,139.11,1203330
2026-06-11,AMZN,139.37,2246242
2026-06-12,AMZN,138.08,814662
2026-06-15,AMZN,136.73,1916828
2026-06-16,AMZN,134.91,1020862
2026-06-17,AMZN,137.04,686348
2026-06-18,AMZN,139.87,520410
2026-06-19,AMZN,137.47,539111
2026-06-22,AMZN,138.55,1222923
2026-06-23,AMZN,142.12,2152783
2026-06-24,AMZN,141.3,2239602
2026-06-25,AMZN,139.14,1492876
2026-06-26,AMZN,136.8,2498166
2026-06-29,AMZN,135.99,886718
2026-06-30,AMZN,138.54,652723
2026-07-01,AMZN,136.46,2310902
2026-07-02,AMZN,133.87,940140
2026-07-03,AMZN,133.96,1069506
2026-07-06,AMZN,135.29,1679661
2026-07-07,AMZN,130.45,1657718
2026-07-08,AMZN,128.93,2171938
2026-07-09,AMZN,130.89,1752291
2026-07-10,AMZN,129.3,2031113
2026-07-13,AMZN,130.51,1458678
2026-07-14,AMZN,133.06,777802
2026-07-15,AMZN,132.78,1301420
2026-07-16,AMZN,133.28,1718308
2026-07-17,AMZN,134.56,2151703
2026-07-20,AMZN,130.91,742919
2026-07-21,AMZN,128.46,521272
2026-07-22,AMZN,127.36,2462815
2026-07-23,AMZN,123.98,927834
2026-07-24,AMZN,128.62,570338
2026-07-27,AMZN,129.32,1612772
2026-07-28,AMZN,128.72,2352667
2026-07-29,AMZN,133.74,1549409
2026-07-30,AMZN,133.1,1748994
2026-07-31,AMZN,135.02,1926173
2026-08-03,AMZN,133.4,2489922
2026-08-04,AMZN,129.98,1061704
2026-08-05,AMZN,128.23,2199903
2026-08-06,AMZN,126.56,1969195
2026-08-07,AMZN,125.07,1477370
2026-08-10,AMZN,117.02,1397631
2026-08-11,AMZN,112.52,421918
2026-08-12,AMZN,110.77,2292851
2026-08-13,AMZN,109.99,1418368
2026-08-14,AMZN,106.71,1396200
2026-08-17,AMZN,106.78,600764
2026-08-18,AMZN,106.46,2120072
2026-08-19,AMZN,109.39,1828964
2026-08-20,AMZN,113.96,1144576
2026-08-21,AMZN,112.53,597864
2026-08-24,AMZN,110.98,2431825
2026-08-25,AMZN,108.29,1654147
2026-08-26,AMZN,107.48,893525
2026-08-27,AMZN,106.88,1136698
2026-08-28,AMZN,107.95,2430349
2026-08-31,AMZN,111.67,1082557
2026-09-01,AMZN,115.43,609583
2026-09-02,AMZN,115.58,1036729
2026-09-03,AMZN,116.34,1392901
2026-09-04,AMZN,116.47,2416714
2026-09-07,AMZN,118.73,2185682
2026-09-08,AMZN,118.62,2212728
2026-09-09,AMZN,119.5,714007
2026-09-10,AMZN,121.12,1731406
2026-09-11,AMZN,117.53,802798
2026-09-14,AMZN,115.88,408451
2026-09-15,AMZN,114.49,1839774
2026-09-16,AMZN,114.21,1299626
2026-09-17,AMZN,115.52,2385974
2026-09-18,AMZN,114.11,2362598
2026-09-21,AMZN,114.47,1425275
2026-09-22,AMZN,111.38,1610005
2026-09-23,AMZN,112.09,2187381
2026-09-24,AMZN,104.6,701914
2026-09-25,AMZN,102.16,497360
2026-09-28,AMZN,100.36,652511
2026-09-29,AMZN,99.37,2130331
2026-09-30,AMZN,99.32,1221426
2025-09-30,JPM,178.83,1745824
2025-10-01,JPM,172.42,420153
2025-10-02,JPM,172.52,1205442
2025-10-03,JPM,168.87,436953
2025-10-06,JPM,165.65,2093712
2025-10-07,JPM,168.89,607814
2025-10-08,JPM,167.95,2164887
2025-10-09,JPM,166.34,554047
2025-10-10,JPM,166.64,610519
2025-10-13,JPM,168.76,1945377
2025-10-14,JPM,170.46,632295
2025-10-15,JPM,170.62,994442
2025-10-16,JPM,177.85,1485336
2025-10-17,JPM,176.63,780605
2025-10-20,JPM,175.6,1698362
2025-10-21,JPM,174.15,418557
2025-10-22,JPM,180.35,2362276
2025-10-23,JPM,186.78,2343929
2025-10-24,JPM,184.11,1889115
2025-10-27,JPM,188.95,572936
2025-10-28,JPM,191.78,1443531
2025-10-29,JPM,189.37,2157209
2025-10-30,JPM,191.96,2219069
2025-10-31,JPM,193.57,2399100
2025-11-03,JPM,192.8,2033258
2025-11-04,JPM,194.11,1227114
2025-11-05,JPM,192.72,1654091
2025-11-06,JPM,187.91,643819
2025-11-07,JPM,191.4,1850141
2025-11-10,JPM,192.64,1586572
2025-11-11,JPM,187.54,1849947
2025-11-12,JPM,186.64,1399973
2025-11-13,JPM,190.93,2310348
2025-11-14,JPM,188.04,2477319
2025-11-17,JPM,194.38,672314
2025-11-18,JPM,197.18,1684629
2025-11-19,JPM,195.74,596547
2025-11-20,JPM,196.59,1990960
2025-11-21,JPM,200.22,733075
2025-11-24,JPM,198.71,1859713
2025-11-25,JPM,201.24,1028408
2025-11-26,JPM,203.05,1947852
2025-11-27,JPM,202.84,769520
2025-11-28,JPM,199.49,1253146
2025-12-01,JPM,200.38,416486
2025-12-02,JPM,195.3,2417489
2025-12-03,JPM,203.34,1400979
2025-12-04,JPM,202.94,1392946
2025-12-05,JPM,205.86,1021658
2025-12-08,JPM,207.16,1631361
2025-12-09,JPM,202.91,539996
2025-12-10,JPM,199.17,1945336
2025-12-11,JPM,191.95,1804522
2025-12-12,JPM,197.84,2291661
2025-12-15,JPM,199.85,1847462
2025-12-16,JPM,200.0,2300606
2025-12-17,JPM,206.58,2472341
2025-12-18,JPM,206.91,943685
2025-12-19,JPM,207.25,985040
2025-12-22,JPM,210.38,2312637
2025-12-23,JPM,205.11,649884
2025-12-24,JPM,203.69,959054
2025-12-25,JPM,197.09,1009220
2025-12-26,JPM,195.9,1029792
2025-12-29,JPM,200.43,1007604
2025-12-30,JPM,206.45,2355895
2025-12-31,JPM,206.08,2491580
2026-01-01,JPM,207.69,1774982
2026-01-02,JPM,211.26,1782215
2026-01-05,JPM,214.9,1044642
2026-01-06,JPM,217.12,889391
2026-01-07,JPM,218.83,815012
2026-01-08,JPM,217.24,600316
2026-01-09,JPM,217.65,1758597
2026-01-12,JPM,219.46,2169389
2026-01-13,JPM,215.55,1437119
2026-01-14,JPM,214.91,2329456
2026-01-15,JPM,220.57,2326739
2026-01-16,JPM,210.52,2010369
2026-01-19,JPM,213.44,2314230
2026-01-20,JPM,211.92,1334489
2026-01-21,JPM,206.87,2228935
2026-01-22,JPM,202.54,2204245
2026-01-23,JPM,204.31,1309819
2026-01-26,JPM,201.74,1613554
2026-01-27,JPM,201.29,2449413
2026-01-28,JPM,198.12,955130
2026-01-29,JPM,198.8,2296638
2026-01-30,JPM,201.97,1577350
2026-02-02,JPM,197.51,1622369
2026-02-03,JPM,194.44,2444722
2026-02-04,JPM,192.46,2075878
2026-02-05,JPM,189.27,1580456
2026-02-06,JPM,185.91,2048689
2026-02-09,JPM,190.06,835995
2026-02-10,JPM,196.39,1032874
2026-02-11,JPM,200.16,1387138
2026-02-12,JPM,204.95,1074263
2026-02-13,JPM,209.04,2277534
2026-02-16,JPM,213.07,560038
2026-02-17,JPM,219.9,786474
2026-02-18,JPM,223.46,2181239
2026-02-19,JPM,225.52,2345783
2026-02-20,JPM,225.88,2199588
2026-02-23,JPM,220.76,2196481
2026-02-24,JPM,222.44,2242041
2026-02-25,JPM,223.05,2135057
2026-02-26,JPM,226.34,1158491
2026-02-27,JPM,229.76,2235125
2026-03-02,JPM,226.07,615330
2026-03-03,JPM,225.47,1715480
2026-03-04,JPM,221.81,1518283
2026-03-05,JPM,216.16,2205559
2026-03-06,JPM,211.82,2032259
2026-03-09,JPM,215.71,981188
2026-03-10,JPM,212.18,504804
2026-03-11,JPM,211.38,1576171
2026-03-12,JPM,210.5,1028467
2026-03-13,JPM,206.49,1654125
2026-03-16,JPM,205.51,868843
2026-03-17,JPM,203.04,2425052
2026-03-18,JPM,196.55,1762659
2026-03-19,JPM,198.59,709606
2026-03-20,JPM,203.7,1939855
2026-03-23,JPM,204.29,916233
2026-03-24,JPM,205.57,763584
2026-03-25,JPM,209.95,908565
2026-03-26,JPM,208.85,1336369
2026-03-27,JPM,207.4,2333625
2026-03-30,JPM,209.08,2140228
2026-03-31,JPM,208.63,1051893
2026-04-01,JPM,208.09,1262561
2026-04-02,JPM,205.73,1170691
2026-04-03,JPM,209.52,1876964
2026-04-06,JPM,207.17,2206407
2026-04-07,JPM,205.04,676161
2026-04-08,JPM,204.36,2454972
2026-04-09,JPM,198.32,1159074
2026-04-10,JPM,193.1,892686
2026-04-13,JPM,190.23,1762986
2026-04-14,JPM,188.75,955636
2026-04-15,JPM,188.26,666756
2026-04-16,JPM,191.5,1903952
2026-04-17,JPM,192.75,839301
2026-04-20,JPM,189.28,1704594
2026-04-21,JPM,196.07,695428
2026-04-22,JPM,192.01,1591769
2026-04-23,JPM,187.83,700391
2026-04-24,JPM,189.36,970902
2026-04-27,JPM,194.75,488681
2026-04-28,JPM,193.01,1853885
2026-04-29,JPM,198.34,1776505
2026-04-30,JPM,198.84,1052328
2026-05-01,JPM,201.65,897450
2026-05-04,JPM,204.75,766495
2026-05-05,JPM,197.11,2035312
2026-05-06,JPM,200.14,2399084
2026-05-07,JPM,199.4,2415249
2026-05-08,JPM,203.15,1154932
2026-05-11,JPM,203.14,1819829
2026-05-12,JPM,204.34,1084563
2026-05-13,JPM,208.86,951816
2026-05-14,JPM,209.85,1804643
2026-05-15,JPM,215.61,2054042
2026-05-18,JPM,211.8,667274
2026-05-19,JPM,210.69,1987851
2026-05-20,JPM,211.65,1083184
2026-05-21,JPM,211.17,1816641
2026-05-22,JPM,204.63,1325328
2026-05-25,JPM,204.58,1264944
2026-05-26,JPM,207.45,927444
2026-05-27,JPM,205.52,1551994
2026-05-28,JPM,201.0,754319
2026-05-29,JPM,204.74,780537
2026-06-01,JPM,208.35,2050833
2026-06-02,JPM,207.08,2476959
2026-06-03,JPM,210.93,1601253
2026-06-04,JPM,212.32,1446402
2026-06-05,JPM,213.2,835532
2026-06-08,JPM,211.02,2117174
2026-06-09,JPM,211.07,912301
2026-06-10,JPM,206.68,1176352
2026-06-11,JPM,208.45,1055594
2026-06-12,JPM,210.63,1125145
2026-06-15,JPM,213.2,2044775
2026-06-16,JPM,218.26,1715001
2026-06-17,JPM,219.93,907486
2026-06-18,JPM,215.66,880728
2026-06-19,JPM,217.84,566550
2026-06-22,JPM,216.26,2290945
2026-06-23,JPM,214.5,1993961
2026-06-24,JPM,213.99,1125531
2026-06-25,JPM,220.34,671698
2026-06-26,JPM,211.43,1836584
2026-06-29,JPM,217.06,2179697
2026-06-30,JPM,221.1,2344596
2026-07-01,JPM,220.51,1596178
2026-07-02,JPM,222.91,2092514
2026-07-03,JPM,214.03,1904277
2026-07-06,JPM,216.81,962730
2026-07-07,JPM,222.99,2077045
2026-07-08,JPM,227.9,682668
2026-07-09,JPM,235.1,2282331
2026-07-10,JPM,239.45,1480686
2026-07-13,JPM,235.86,1216762
2026-07-14,JPM,239.68,1954908
2026-07-15,JPM,242.08,1666576
2026-07-16,JPM,245.13,1647384
2026-07-17,JPM,248.17,1010516
2026-07-20,JPM,252.89,759896
2026-07-21,JPM,250.58,1093956
2026-07-22,JPM,254.1,877642
2026-07-23,JPM,249.0,400830
2026-07-24,JPM,245.72,1842088
2026-07-27,JPM,247.81,724793
2026-07-28,JPM,252.66,2357107
2026-07-29,JPM,253.73,575350
2026-07-30,JPM,254.72,1244255
2026-07-31,JPM,242.65,1798941
2026-08-03,JPM,240.82,1922413
2026-08-04,JPM,239.35,1151580
2026-08-05,JPM,246.44,473238
2026-08-06,JPM,243.17,401378
2026-08-07,JPM,242.33,1764326
2026-08-10,JPM,245.9,2127524
2026-08-11,JPM,244.61,491557
2026-08-12,JPM,237.7,1270149
2026-08-13,JPM,240.53,889557
2026-08-14,JPM,245.73,413248
2026-08-17,JPM,247.54,1508730
2026-08-18,JPM,243.86,1974632
2026-08-19,JPM,242.7,1176583
2026-08-20,JPM,239.68,1304080
2026-08-21,JPM,231.71,1445504
2026-08-24,JPM,238.28,787088
2026-08-25,JPM,232.65,1531391
2026-08-26,JPM,233.27,1007490
2026-08-27,JPM,235.97,1875873
2026-08-28,JPM,240.78,2469748
2026-08-31,JPM,240.14,1976947
2026-09-01,JPM,238.3,1955570
2026-09-02,JPM,240.27,477143
2026-09-03,JPM,243.33,509520
2026-09-04,JPM,242.82,812756
2026-09-07,JPM,242.89,1940049
2026-09-08,JPM,242.82,879807
2026-09-09,JPM,241.05,1662627
2026-09-10,JPM,236.18,1949158
2026-09-11,JPM,236.68,684520
2026-09-14,JPM,241.28,2254513
2026-09-15,JPM,241.51,2437338
2026-09-16,JPM,238.46,1437538
2026-09-17,JPM,241.1,1184562
2026-09-18,JPM,233.37,772442
2026-09-21,JPM,236.95,2283815
2026-09-22,JPM,244.07,437566
2026-09-23,JPM,240.09,1482942
2026-09-24,JPM,238.91,1162870
2026-09-25,JPM,239.58,928535
2026-09-28,JPM,244.43,1235793
2026-09-29,JPM,241.04,799859
2026-09-30,JPM,241.49,1108115
2025-09-30,GS,387.05,1930461
2025-10-01,GS,376.75,807342
2025-10-02,GS,374.44,694600
2025-10-03,GS,374.86,1418327
2025-10-06,GS,370.21,1823856
2025-10-07,GS,361.9,2278033
2025-10-08,GS,354.22,1095918
2025-10-09,GS,346.53,607466
2025-10-10,GS,349.91,1766083
2025-10-13,GS,338.14,1032512
2025-10-14,GS,327.77,2385354
2025-10-15,GS,338.8,926077
2025-10-16,GS,337.99,468864
2025-10-17,GS,337.55,1793840
2025-10-20,GS,332.47,782776
2025-10-21,GS,337.46,2423455
2025-10-22,GS,340.33,1165430
2025-10-23,GS,338.69,876554
2025-10-24,GS,345.46,1680392
2025-10-27,GS,336.54,2123568
2025-10-28,GS,339.07,1172256
2025-10-29,GS,329.76,983967
2025-10-30,GS,332.13,2168165
2025-10-31,GS,332.76,822771
2025-11-03,GS,328.87,1991249
2025-11-04,GS,336.95,1827637
2025-11-05,GS,329.33,426492
2025-11-06,GS,324.45,1621435
2025-11-07,GS,332.98,554452
2025-11-10,GS,326.49,1176652
2025-11-11,GS,334.93,2402908
2025-11-12,GS,336.81,1209768
2025-11-13,GS,339.8,462195
2025-11-14,GS,343.84,1811064
2025-11-17,GS,348.48,422424
2025-11-18,GS,348.29,608965
2025-11-19,GS,350.5,2276166
2025-11-20,GS,353.87,2429198
2025-11-21,GS,350.64,1433051
2025-11-24,GS,338.8,1828309
2025-11-25,GS,331.41,2110023
2025-11-26,GS,326.61,921959
2025-11-27,GS,324.98,514384
2025-11-28,GS,325.01,1553748
2025-12-01,GS,333.54,691319
2025-12-02,GS,321.87,2407756
2025-12-03,GS,320.58,1343891
2025-12-04,GS,308.32,1171326
2025-12-05,GS,306.38,877497
2025-12-08,GS,313.22,2445415
2025-12-09,GS,321.05,1453990
2025-12-10,GS,322.37,2061620
2025-12-11,GS,324.71,1016183
2025-12-12,GS,331.08,1297140
2025-12-15,GS,332.01,2221912
2025-12-16,GS,340.21,1477230
2025-12-17,GS,337.36,1505924
2025-12-18,GS,332.3,1733089
2025-12-19,GS,320.45,2072381
2025-12-22,GS,313.7,2349872
2025-12-23,GS,316.69,1892905
2025-12-24,GS,314.13,1468900
2025-12-25,GS,313.93,2032626
2025-12-26,GS,318.63,2210426
2025-12-29,GS,309.69,2407237
2025-12-30,GS,306.33,2180302
2025-12-31,GS,304.78,433447
2026-01-01,GS,306.89,2097810
2026-01-02,GS,296.52,1861111
2026-01-05,GS,296.3,1969058
2026-01-06,GS,300.9,719157
2026-01-07,GS,286.08,2142183
2026-01-08,GS,292.22,2240065
2026-01-09,GS,294.27,1806343
2026-01-12,GS,296.75,1147545
2026-01-13,GS,295.49,1232805
2026-01-14,GS,282.86,875452
2026-01-15,GS,282.36,669480
2026-01-16,GS,281.68,594873
2026-01-19,GS,281.59,2067023
2026-01-20,GS,273.59,595934
2026-01-21,GS,275.76,1047267
2026-01-22,GS,268.61,1906079
2026-01-23,GS,271.55,1829230
2026-01-26,GS,268.71,503770
2026-01-27,GS,272.85,1623830
2026-01-28,GS,277.85,993582
2026-01-29,GS,278.04,857626
2026-01-30,GS,274.51,1432654
2026-02-02,GS,275.63,929180
2026-02-03,GS,277.84,1542805
2026-02-04,GS,278.27,1908266
2026-02-05,GS,276.04,1551526
2026-02-06,GS,278.46,814356
2026-02-09,GS,287.11,653971
2026-02-10,GS,285.1,1082785
2026-02-11,GS,286.89,1803053
2026-02-12,GS,294.94,1676473
2026-02-13,GS,291.44,2344603
2026-02-16,GS,288.23,2263818
2026-02-17,GS,292.91,1038654
2026-02-18,GS,288.29,2041610
2026-02-19,GS,284.65,889558
2026-02-20,GS,280.76,2282842
2026-02-23,GS,286.32,2442333
2026-02-24,GS,285.56,2167210
2026-02-25,GS,287.37,1464641
2026-02-26,GS,296.87,1974743
2026-02-27,GS,297.81,1873787
2026-03-02,GS,303.71,1379051
2026-03-03,GS,303.71,1049270
2026-03-04,GS,302.95,1484621
2026-03-05,GS,292.56,1922197
2026-03-06,GS,297.79,512504
2026-03-09,GS,300.19,1296165
2026-03-10,GS,297.96,1682541
2026-03-11,GS,289.96,1336643
2026-03-12,GS,285.51,1007731
2026-03-13,GS,283.67,2466305
2026-03-16,GS,282.97,2176480
2026-03-17,GS,292.95,1539721
2026-03-18,GS,288.02,819247
2026-03-19,GS,282.84,1909987
2026-03-20,GS,279.71,795262
2026-03-23,GS,275.19,2388630
2026-03-24,GS,281.57,1288958
2026-03-25,GS,276.52,433306
2026-03-26,GS,276.98,1617141
2026-03-27,GS,277.51,985083
2026-03-30,GS,277.62,1869643
2026-03-31,GS,276.77,1476275
2026-04-01,GS,279.56,2209283
2026-04-02,GS,278.89,1013184
2026-04-03,GS,279.2,1767377
2026-04-06,GS,271.07,2414082
2026-04-07,GS,272.95,1232751
2026-04-08,GS,271.13,1161377
2026-04-09,GS,265.25,2497109
2026-04-10,GS,259.23,2355555
2026-04-13,GS,261.74,1589043
2026-04-14,GS,262.57,1043147
2026-04-15,GS,268.22,1877949
2026-04-16,GS,269.01,718987
2026-04-17,GS,272.23,1338984
2026-04-20,GS,268.08,628219
2026-04-21,GS,274.61,1524923
2026-04-22,GS,276.4,825206
2026-04-23,GS,269.05,2370590
2026-04-24,GS,266.21,1955453
2026-04-27,GS,264.73,1700262
2026-04-28,GS,261.78,1172628
2026-04-29,GS,255.45,1072214
2026-04-30,GS,254.09,1419684
2026-05-01,GS,249.96,1910490
2026-05-04,GS,247.86,1885806
2026-05-05,GS,246.16,1978548
2026-05-06,GS,251.25,1509153
2026-05-07,GS,253.09,2002141
2026-05-08,GS,254.15,1172439
2026-05-11,GS,258.48,2054651
2026-05-12,GS,261.53,435841
2026-05-13,GS,254.21,2084513
2026-05-14,GS,244.08,1001313
2026-05-15,GS,240.04,633801
2026-05-18,GS,243.39,1577795
2026-05-19,GS,244.09,2449963
2026-05-20,GS,245.12,2016158
2026-05-21,GS,241.2,1404370
2026-05-22,GS,237.24,704779
2026-05-25,GS,233.71,970098
2026-05-26,GS,233.28,2133691
2026-05-27,GS,237.24,810365
2026-05-28,GS,242.63,811116
2026-05-29,GS,239.1,1745960
2026-06-01,GS,244.85,405830
2026-06-02,GS,250.15,1651097
2026-06-03,GS,255.28,1122644
2026-06-04,GS,263.98,2079344
2026-06-05,GS,259.77,1149342
2026-06-08,GS,267.56,2173744
2026-06-09,GS,269.09,1675317
2026-06-10,GS,267.55,464148
2026-06-11,GS,266.76,734391
2026-06-12,GS,260.9,1859178
2026-06-15,GS,258.69,570201
2026-06-16,GS,263.74,623530
2026-06-17,GS,260.75,1525513
2026-06-18,GS,262.89,1630732
2026-06-19,GS,265.74,1817037
2026-06-22,GS,270.34,2356858
2026-06-23,GS,273.46,2290588
2026-06-24,GS,276.69,766744
2026-06-25,GS,271.1,1219381
2026-06-26,GS,267.83,2293515
2026-06-29,GS,272.8,689581
2026-06-30,GS,266.56,559858
2026-07-01,GS,269.94,1515391
2026-07-02,GS,276.25,1357159
2026-07-03,GS,278.19,1747967
2026-07-06,GS,276.29,1033077
2026-07-07,GS,276.95,682722
2026-07-08,GS,277.38,2173645
2026-07-09,GS,281.69,940843
2026-07-10,GS,289.1,2048542
2026-07-13,GS,293.17,2011012
2026-07-14,GS,297.44,1648830
2026-07-15,GS,294.36,1296442
2026-07-16,GS,292.54,1436806
2026-07-17,GS,290.2,1241981
2026-07-20,GS,292.27,1151031
2026-07-21,GS,296.09,1328702
2026-07-22,GS,293.47,1942029
2026-07-23,GS,299.7,1971174
2026-07-24,GS,290.09,663268
2026-07-27,GS,294.3,1679831
2026-07-28,GS,287.79,2364941
2026-07-29,GS,282.87,975694
2026-07-30,GS,285.11,2413033
2026-07-31,GS,285.5,748945
2026-08-03,GS,274.16,2240331
2026-08-04,GS,274.41,1478556
2026-08-05,GS,274.85,1491885
2026-08-06,GS,269.03,2246900
2026-08-07,GS,271.33,434376
2026-08-10,GS,272.22,838667
2026-08-11,GS,274.67,2497745
2026-08-12,GS,275.6,2042409
2026-08-13,GS,275.36,876863
2026-08-14,GS,277.14,2251823
2026-08-17,GS,273.89,701606
2026-08-18,GS,279.67,1043098
2026-08-19,GS,283.87,1373502
2026-08-20,GS,278.06,2358002
2026-08-21,GS,271.58,1176693
2026-08-24,GS,271.09,1695208
2026-08-25,GS,266.74,1142937
2026-08-26,GS,266.68,1715225
2026-08-27,GS,266.83,1443241
2026-08-28,GS,264.42,1162506
2026-08-31,GS,259.43,879035
2026-09-01,GS,258.79,1473590
2026-09-02,GS,262.86,1665411
2026-09-03,GS,256.97,1985542
2026-09-04,GS,257.01,2085292
2026-09-07,GS,251.69,799814
2026-09-08,GS,255.96,2203468
2026-09-09,GS,251.87,2087286
2026-09-10,GS,248.19,937813
2026-09-11,GS,244.37,1562436
2026-09-14,GS,245.48,1148802
2026-09-15,GS,245.14,1713497
2026-09-16,GS,242.82,1048706
2026-09-17,GS,239.43,1669225
2026-09-18,GS,240.49,1927308
2026-09-21,GS,241.64,1417299
2026-09-22,GS,250.42,2023803
2026-09-23,GS,253.93,1802361
2026-09-24,GS,258.75,1438749
2026-09-25,GS,256.36,879228
2026-09-28,GS,251.62,906967
2026-09-29,GS,254.43,1945673
2026-09-30,GS,259.34,1956433
2025-09-30,XOM,102.57,1167636
2025-10-01,XOM,104.64,1285700
2025-10-02,XOM,104.47,1230185
2025-10-03,XOM,104.83,1046324
2025-10-06,XOM,105.9,1574355
2025-10-07,XOM,105.14,1191517
2025-10-08,XOM,105.64,919268
2025-10-09,XOM,103.83,2204419
2025-10-10,XOM,101.99,901465
2025-10-13,XOM,104.64,1408658
2025-10-14,XOM,105.17,1459739
2025-10-15,XOM,107.36,644107
2025-10-16,XOM,107.43,946575
2025-10-17,XOM,105.81,1818252
2025-10-20,XOM,105.56,1839786
2025-10-21,XOM,109.75,1386754
2025-10-22,XOM,108.3,2253864
2025-10-23,XOM,109.41,1456870
2025-10-24,XOM,106.77,2194268
2025-10-27,XOM,107.02,2095821
2025-10-28,XOM,106.52,2246238
2025-10-29,XOM,110.6,544394
2025-10-30,XOM,111.1,508410
2025-10-31,XOM,111.39,1416266
2025-11-03,XOM,110.02,2272761
2025-11-04,XOM,106.77,1745225
2025-11-05,XOM,105.1,1044115
2025-11-06,XOM,102.3,778124
2025-11-07,XOM,98.83,685583
2025-11-10,XOM,98.09,407828
2025-11-11,XOM,97.75,618440
2025-11-12,XOM,98.74,1326873
2025-11-13,XOM,98.12,2140385
2025-11-14,XOM,98.63,2464009
2025-11-17,XOM,101.12,845905
2025-11-18,XOM,101.08,2234945
2025-11-19,XOM,98.56,1010795
2025-11-20,XOM,100.03,704937
2025-11-21,XOM,99.88,2086920
2025-11-24,XOM,99.13,1795406
2025-11-25,XOM,100.56,2398196
2025-11-26,XOM,97.48,663929
2025-11-27,XOM,101.71,826134
2025-11-28,XOM,100.74,2100227
2025-12-01,XOM,99.34,1950075
2025-12-02,XOM,98.86,1374850
2025-12-03,XOM,98.02,556194
2025-12-04,XOM,100.38,636943
2025-12-05,XOM,98.27,540672
2025-12-08,XOM,94.5,998606
2025-12-09,XOM,94.65,1554974
2025-12-10,XOM,96.96,861880
2025-12-11,XOM,94.94,1044631
2025-12-12,XOM,95.52,1213794
2025-12-15,XOM,94.41,1934998
2025-12-16,XOM,95.3,890998
2025-12-17,XOM,94.17,1016332
2025-12-18,XOM,94.7,1004822
2025-12-19,XOM,91.12,1267188
2025-12-22,XOM,90.16,1273366
2025-12-23,XOM,89.27,2385950
2025-12-24,XOM,87.33,818257
2025-12-25,XOM,89.54,2212408
2025-12-26,XOM,87.09,2064692
2025-12-29,XOM,86.82,1803565
2025-12-30,XOM,86.79,2071750
2025-12-31,XOM,86.31,718576
2026-01-01,XOM,84.78,598737
2026-01-02,XOM,84.57,1821445
2026-01-05,XOM,84.17,1723827
2026-01-06,XOM,83.45,1951832
2026-01-07,XOM,82.7,679268
2026-01-08,XOM,81.17,1030304
2026-01-09,XOM,80.29,1277625
2026-01-12,XOM,76.77,1028496
2026-01-13,XOM,75.19,694151
2026-01-14,XOM,74.0,1987723
2026-01-15,XOM,73.89,1375120
2026-01-16,XOM,76.11,975389
2026-01-19,XOM,75.33,1571062
2026-01-20,XOM,75.18,2229686
2026-01-21,XOM,76.98,2270620
2026-01-22,XOM,77.2,721874
2026-01-23,XOM,78.87,2383547
2026-01-26,XOM,79.72,2040773
2026-01-27,XOM,81.78,646898
2026-01-28,XOM,80.29,2042998
2026-01-29,XOM,81.19,2490188
2026-01-30,XOM,80.99,714656
2026-02-02,XOM,79.19,650118
2026-02-03,XOM,81.77,2048380
2026-02-04,XOM,83.06,2240998
2026-02-05,XOM,82.53,2478600
2026-02-06,XOM,84.07,595572
2026-02-09,XOM,84.19,2040017
2026-02-10,XOM,86.45,2386907
2026-02-11,XOM,86.37,771345
2026-02-12,XOM,85.17,2372809
2026-02-13,XOM,84.08,1146552
2026-02-16,XOM,83.85,622004
2026-02-17,XOM,82.81,2322521
2026-02-18,XOM,83.63,1796544
2026-02-19,XOM,85.09,1698174
2026-02-20,XOM,83.92,2254589
2026-02-23,XOM,83.84,1568372
2026-02-24,XOM,82.78,416121
2026-02-25,XOM,85.27,2227518
2026-02-26,XOM,84.71,1719185
2026-02-27,XOM,84.61,1888867
2026-03-02,XOM,85.94,2451712
2026-03-03,XOM,86.67,2138789
2026-03-04,XOM,85.67,2182037
2026-03-05,XOM,89.04,1866921
2026-03-06,XOM,88.1,1350423
2026-03-09,XOM,87.62,1293775
2026-03-10,XOM,88.74,1349556
2026-03-11,XOM,88.45,1828589
2026-03-12,XOM,90.86,2338524
2026-03-13,XOM,92.41,914160
2026-03-16,XOM,91.68,1946202
2026-03-17,XOM,92.67,1383366
2026-03-18,XOM,90.37,1204629
2026-03-19,XOM,90.52,2399215
2026-03-20,XOM,89.54,966076
2026-03-23,XOM,90.77,2022086
2026-03-24,XOM,89.65,1030280
2026-03-25,XOM,86.08,1243532
2026-03-26,XOM,88.45,2455579
2026-03-27,XOM,90.31,599597
2026-03-30,XOM,89.49,1485906
2026-03-31,XOM,86.78,1745643
2026-04-01,XOM,87.1,1616664
2026-04-02,XOM,87.02,583726
2026-04-03,XOM,84.01,1227915
2026-04-06,XOM,85.51,1232285
2026-04-07,XOM,86.28,854392
2026-04-08,XOM,86.55,2181064
2026-04-09,XOM,85.53,490929
2026-04-10,XOM,85.46,845547
2026-04-13,XOM,84.2,2030998
2026-04-14,XOM,82.3,2449897
2026-04-15,XOM,82.22,2149038
2026-04-16,XOM,82.89,1274577
2026-04-17,XOM,86.01,1378825
2026-04-20,XOM,85.27,1979370
2026-04-21,XOM,84.71,1587455
2026-04-22,XOM,83.87,1413697
2026-04-23,XOM,82.98,2264332
2026-04-24,XOM,82.45,631660
2026-04-27,XOM,80.84,491975
2026-04-28,XOM,81.63,1724416
2026-04-29,XOM,84.4,2128118
2026-04-30,XOM,86.17,1449200
2026-05-01,XOM,86.35,2297403
2026-05-04,XOM,85.31,1119653
2026-05-05,XOM,84.11,827100
2026-05-06,XOM,82.5,606053
2026-05-07,XOM,83.83,1440853
2026-05-08,XOM,82.62,1583769
2026-05-11,XOM,83.07,1638488
2026-05-12,XOM,84.12,2148351
2026-05-13,XOM,82.13,855438
2026-05-14,XOM,81.28,1536660
2026-05-15,XOM,78.73,1436867
2026-05-18,XOM,77.78,1913740
2026-05-19,XOM,76.4,2264469
2026-05-20,XOM,75.5,2371324
2026-05-21,XOM,75.35,764316
2026-05-22,XOM,74.22,1692045
2026-05-25,XOM,76.41,1860758
2026-05-26,XOM,75.61,1138112
2026-05-27,XOM,73.89,1989787
2026-05-28,XOM,73.18,1885904
2026-05-29,XOM,72.64,2324246
2026-06-01,XOM,71.98,682134
2026-06-02,XOM,70.86,1546382
2026-06-03,XOM,71.88,1665027
2026-06-04,XOM,71.31,2221813
2026-06-05,XOM,72.63,1214994
2026-06-08,XOM,70.78,1964614
2026-06-09,XOM,69.39,1467397
2026-06-10,XOM,70.16,2248948
2026-06-11,XOM,70.16,455238
2026-06-12,XOM,70.51,427362
2026-06-15,XOM,70.14,1062992
2026-06-16,XOM,71.39,1730547
2026-06-17,XOM,71.07,1308517
2026-06-18,XOM,72.65,1747618
2026-06-19,XOM,73.78,1831163
2026-06-22,XOM,72.99,428757
2026-06-23,XOM,72.98,1080285
2026-06-24,XOM,74.53,2401197
2026-06-25,XOM,74.85,499686
2026-06-26,XOM,74.13,1522840
2026-06-29,XOM,76.55,2476102
2026-06-30,XOM,77.46,2170885
2026-07-01,XOM,76.48,538736
2026-07-02,XOM,75.33,1092932
2026-07-03,XOM,74.53,1786502
2026-07-06,XOM,75.22,2076740
2026-07-07,XOM,75.43,2166077
2026-07-08,XOM,75.32,647444
2026-07-09,XOM,73.88,708958
2026-07-10,XOM,73.24,2047986
2026-07-13,XOM,74.2,1427200
2026-07-14,XOM,73.53,506777
2026-07-15,XOM,71.92,2337813
2026-07-16,XOM,71.6,498909
2026-07-17,XOM,73.11,1148000
2026-07-20,XOM,71.82,1660981
2026-07-21,XOM,69.5,1111288
2026-07-22,XOM,69.32,1893216
2026-07-23,XOM,67.47,1163717
2026-07-24,XOM,66.63,625996
2026-07-27,XOM,66.65,594904
2026-07-28,XOM,66.15,869739
2026-07-29,XOM,65.48,1945327
2026-07-30,XOM,66.28,676195
2026-07-31,XOM,63.58,853735
2026-08-03,XOM,63.49,2411661
2026-08-04,XOM,65.03,2348079
2026-08-05,XOM,64.92,1699299
2026-08-06,XOM,67.62,690466
2026-08-07,XOM,69.02,699670
2026-08-10,XOM,68.34,1186756
2026-08-11,XOM,67.53,918787
2026-08-12,XOM,67.57,2062326
2026-08-13,XOM,66.34,1999559
2026-08-14,XOM,67.63,1841229
2026-08-17,XOM,67.18,2108130
2026-08-18,XOM,67.96,2255906
2026-08-19,XOM,67.16,2488385
2026-08-20,XOM,69.34,920691
2026-08-21,XOM,68.09,1877617
2026-08-24,XOM,69.24,1962330
2026-08-25,XOM,69.82,1189547
2026-08-26,XOM,69.57,2288326
2026-08-27,XOM,67.13,1831992
2026-08-28,XOM,64.74,630773
2026-08-31,XOM,64.83,1547050
2026-09-01,XOM,65.42,1380718
2026-09-02,XOM,65.22,736328
2026-09-03,XOM,65.34,2038824
2026-09-04,XOM,64.7,1757643
2026-09-07,XOM,65.34,2071380
2026-09-08,XOM,68.12,550372
2026-09-09,XOM,67.74,883889
2026-09-10,XOM,67.35,990153
2026-09-11,XOM,67.27,1755946
2026-09-14,XOM,65.7,711380
2026-09-15,XOM,65.24,1274120
2026-09-16,XOM,64.84,1748624
2026-09-17,XOM,66.23,2486158
2026-09-18,XOM,65.13,450875
2026-09-21,XOM,66.06,1621945
2026-09-22,XOM,66.22,1960285
2026-09-23,XOM,65.44,1734145
2026-09-24,XOM,64.81,1746570
2026-09-25,XOM,63.16,2401437
2026-09-28,XOM,63.05,1804165
2026-09-29,XOM,63.78,2489299
2026-09-30,XOM,64.5,2440781
2025-09-30,JNJ,143.51,2242538
2025-10-01,JNJ,141.43,583635
2025-10-02,JNJ,143.34,1994689
2025-10-03,JNJ,141.75,2152497
2025-10-06,JNJ,140.25,2338932
2025-10-07,JNJ,141.03,2045338
2025-10-08,JNJ,140.86,955962
2025-10-09,JNJ,136.41,956979
2025-10-10,JNJ,141.56,992705
2025-10-13,JNJ,139.46,490938
2025-10-14,JNJ,144.11,2300050
2025-10-15,JNJ,141.53,2269869
2025-10-16,JNJ,144.28,1926327
2025-10-17,JNJ,146.37,1718039
2025-10-20,JNJ,146.08,816946
2025-10-21,JNJ,147.2,1254841
2025-10-22,JNJ,144.91,626422
2025-10-23,JNJ,148.7,1922324
2025-10-24,JNJ,151.46,1092254
2025-10-27,JNJ,154.13,1040869
2025-10-28,JNJ,153.2,1394200
2025-10-29,JNJ,158.18,1206009
2025-10-30,JNJ,158.78,619290
2025-10-31,JNJ,159.52,1849301
2025-11-03,JNJ,163.09,1237941
2025-11-04,JNJ,158.19,1086141
2025-11-05,JNJ,158.64,1234454
2025-11-06,JNJ,164.07,1946913
2025-11-07,JNJ,165.39,503073
2025-11-10,JNJ,162.87,1917867
2025-11-11,JNJ,162.8,1872447
2025-11-12,JNJ,157.69,1669104
2025-11-13,JNJ,156.24,1698711
2025-11-14,JNJ,154.61,1606942
2025-11-17,JNJ,153.47,1974669
2025-11-18,JNJ,153.87,1768109
2025-11-19,JNJ,156.18,2024865
2025-11-20,JNJ,155.79,1940092
2025-11-21,JNJ,156.08,1639191
2025-11-24,JNJ,156.13,1951392
2025-11-25,JNJ,153.22,2000654
2025-11-26,JNJ,148.64,1688420
2025-11-27,JNJ,148.42,1265971
2025-11-28,JNJ,147.01,779085
2025-12-01,JNJ,146.62,888583
2025-12-02,JNJ,146.52,2025301
2025-12-03,JNJ,145.54,927226
2025-12-04,JNJ,141.37,1160209
2025-12-05,JNJ,141.33,1198103
2025-12-08,JNJ,142.62,2307703
2025-12-09,JNJ,144.74,480025
2025-12-10,JNJ,142.88,2247751
2025-12-11,JNJ,140.39,2479457
2025-12-12,JNJ,138.2,2287383
2025-12-15,JNJ,133.67,522209
2025-12-16,JNJ,130.51,576337
2025-12-17,JNJ,132.25,829260
2025-12-18,JNJ,127.81,1901924
2025-12-19,JNJ,123.82,1681576
2025-12-22,JNJ,122.87,871708
2025-12-23,JNJ,124.17,1656664
2025-12-24,JNJ,123.5,1154015
2025-12-25,JNJ,122.12,2309656
2025-12-26,JNJ,121.61,1299211
2025-12-29,JNJ,124.36,1854078
2025-12-30,JNJ,126.94,1903867
2025-12-31,JNJ,128.75,1824911
2026-01-01,JNJ,125.9,501433
2026-01-02,JNJ,125.64,1015979
2026-01-05,JNJ,127.35,2300088
2026-01-06,JNJ,125.81,1277403
2026-01-07,JNJ,129.54,2132180
2026-01-08,JNJ,129.48,1026499
2026-01-09,JNJ,128.66,555112
2026-01-12,JNJ,127.8,957261
2026-01-13,JNJ,128.02,532075
2026-01-14,JNJ,125.24,2323560
2026-01-15,JNJ,124.55,1101200
2026-01-16,JNJ,121.93,1444401
2026-01-19,JNJ,121.61,933180
2026-01-20,JNJ,124.53,2146480
2026-01-21,JNJ,125.65,1150743
2026-01-22,JNJ,126.7,1092351
2026-01-23,JNJ,124.29,1105939
2026-01-26,JNJ,125.78,866521
2026-01-27,JNJ,127.43,1928156
2026-01-28,JNJ,127.04,560732
2026-01-29,JNJ,129.44,2096215
2026-01-30,JNJ,130.73,1299115
2026-02-02,JNJ,131.28,2274465
2026-02-03,JNJ,133.95,2318729
2026-02-04,JNJ,131.28,515105
2026-02-05,JNJ,130.12,1635040
2026-02-06,JNJ,132.52,948164
2026-02-09,JNJ,137.58,1986702
2026-02-10,JNJ,133.38,659203
2026-02-11,JNJ,130.35,588732
2026-02-12,JNJ,132.82,1896369
2026-02-13,JNJ,133.39,2414567
2026-02-16,JNJ,133.74,657875
2026-02-17,JNJ,136.07,1356441
2026-02-18,JNJ,131.48,827982
2026-02-19,JNJ,132.6,1444255
2026-02-20,JNJ,132.7,1049544
2026-02-23,JNJ,132.59,1499873
2026-02-24,JNJ,129.51,2388650
2026-02-25,JNJ,127.1,2184225
2026-02-26,JNJ,127.58,653198
2026-02-27,JNJ,127.88,1874286
2026-03-02,JNJ,127.66,741013
2026-03-03,JNJ,130.5,1982930
2026-03-04,JNJ,125.8,1508807
2026-03-05,JNJ,126.57,1236407
2026-03-06,JNJ,124.82,2107055
2026-03-09,JNJ,122.71,1642635
2026-03-10,JNJ,123.32,680602
2026-03-11,JNJ,124.58,551504
2026-03-12,JNJ,126.43,1237774
2026-03-13,JNJ,125.06,547382
2026-03-16,JNJ,128.61,1215973
2026-03-17,JNJ,129.69,1083085
2026-03-18,JNJ,128.74,932401
2026-03-19,JNJ,128.47,2448666
2026-03-20,JNJ,126.7,2048066
2026-03-23,JNJ,123.05,1398950
2026-03-24,JNJ,119.26,1223981
2026-03-25,JNJ,117.46,1654164
2026-03-26,JNJ,118.7,2461525
2026-03-27,JNJ,120.33,2458709
2026-03-30,JNJ,121.45,674158
2026-03-31,JNJ,120.04,461091
2026-04-01,JNJ,122.1,1745725
2026-04-02,JNJ,123.44,2157776
2026-04-03,JNJ,123.3,1518450
2026-04-06,JNJ,125.81,1583089
2026-04-07,JNJ,127.6,1236736
2026-04-08,JNJ,129.88,1400910
2026-04-09,JNJ,130.09,527580
2026-04-10,JNJ,126.8,1193993
2026-04-13,JNJ,124.79,2071513
2026-04-14,JNJ,125.96,1317462
2026-04-15,JNJ,124.5,1842804
2026-04-16,JNJ,125.35,447447
2026-04-17,JNJ,124.77,1931689
2026-04-20,JNJ,124.96,2003392
2026-04-21,JNJ,127.16,1304437
2026-04-22,JNJ,121.38,809270
2026-04-23,JNJ,118.87,447290
2026-04-24,JNJ,117.59,1333725
2026-04-27,JNJ,118.79,2390048
2026-04-28,JNJ,120.59,677376
2026-04-29,JNJ,122.19,1252856
2026-04-30,JNJ,125.97,1351283
2026-05-01,JNJ,124.17,531559
2026-05-04,JNJ,126.57,2057158
2026-05-05,JNJ,126.07,724289
2026-05-06,JNJ,124.53,1579038
2026-05-07,JNJ,128.81,1133960
2026-05-08,JNJ,129.54,633291
2026-05-11,JNJ,128.16,615835
2026-05-12,JNJ,129.51,2125048
2026-05-13,JNJ,129.23,1424953
2026-05-14,JNJ,128.62,1977744
2026-05-15,JNJ,125.2,825444
2026-05-18,JNJ,125.6,1647927
2026-05-19,JNJ,122.85,1487103
2026-05-20,JNJ,124.88,2256331
2026-05-21,JNJ,123.81,1029797
2026-05-22,JNJ,118.95,716448
2026-05-25,JNJ,116.67,1866731
2026-05-26,JNJ,117.15,1854613
2026-05-27,JNJ,119.98,1376285
2026-05-28,JNJ,122.34,2186099
2026-05-29,JNJ,122.0,724192
2026-06-01,JNJ,119.45,1062594
2026-06-02,JNJ,117.34,2404819
2026-06-03,JNJ,118.54,941143
2026-06-04,JNJ,118.64,1898813
2026-06-05,JNJ,119.33,1111911
2026-06-08,JNJ,117.05,2233493
2026-06-09,JNJ,118.93,1325484
2026-06-10,JNJ,116.71,1150654
2026-06-11,JNJ,117.89,1209223
2026-06-12,JNJ,116.62,1989961
2026-06-15,JNJ,117.82,1847304
2026-06-16,JNJ,115.83,894689
2026-06-17,JNJ,115.9,572934
2026-06-18,JNJ,116.14,1630101
2026-06-19,JNJ,113.47,1782541
2026-06-22,JNJ,112.62,1651072
2026-06-23,JNJ,109.85,560459
2026-06-24,JNJ,112.15,903726
2026-06-25,JNJ,111.02,1097100
2026-06-26,JNJ,109.92,992074
2026-06-29,JNJ,108.46,2380123
2026-06-30,JNJ,109.46,831457
2026-07-01,JNJ,107.64,1136270
2026-07-02,JNJ,106.84,842970
2026-07-03,JNJ,107.11,1768231
2026-07-06,JNJ,109.56,1900206
2026-07-07,JNJ,109.03,1301510
2026-07-08,JNJ,107.85,1182962
2026-07-09,JNJ,106.2,2061407
2026-07-10,JNJ,106.28,2113154
2026-07-13,JNJ,103.02,1953316
2026-07-14,JNJ,103.54,1282067
2026-07-15,JNJ,104.29,1651732
2026-07-16,JNJ,102.58,806927
2026-07-17,JNJ,100.86,1840575
2026-07-20,JNJ,102.65,1477674
2026-07-21,JNJ,100.5,2381973
2026-07-22,JNJ,99.18,1350935
2026-07-23,JNJ,99.36,972429
2026-07-24,JNJ,97.08,1459681
2026-07-27,JNJ,96.31,2481458
2026-07-28,JNJ,97.5,1547372
2026-07-29,JNJ,100.69,1168401
2026-07-30,JNJ,103.4,2204779
2026-07-31,JNJ,102.94,1540513
2026-08-03,JNJ,102.3,1996685
2026-08-04,JNJ,100.0,2005127
2026-08-05,JNJ,101.97,2105882
2026-08-06,JNJ,101.09,2384059
2026-08-07,JNJ,102.94,689048
2026-08-10,JNJ,103.03,2057034
2026-08-11,JNJ,107.69,2346124
2026-08-12,JNJ,106.49,2481886
2026-08-13,JNJ,103.44,2487825
2026-08-14,JNJ,102.72,561256
2026-08-17,JNJ,101.92,1798401
2026-08-18,JNJ,99.7,479469
2026-08-19,JNJ,102.77,966736
2026-08-20,JNJ,105.91,1990970
2026-08-21,JNJ,108.29,674818
2026-08-24,JNJ,108.34,701836
2026-08-25,JNJ,108.76,1486203
2026-08-26,JNJ,109.28,854455
2026-08-27,JNJ,112.04,1282188
2026-08-28,JNJ,110.74,1988943
2026-08-31,JNJ,108.6,1246974
2026-09-01,JNJ,110.39,1002351
2026-09-02,JNJ,111.43,2040106
2026-09-03,JNJ,114.83,2102012
2026-09-04,JNJ,115.21,904224
2026-09-07,JNJ,114.73,1924996
2026-09-08,JNJ,118.8,1881863
2026-09-09,JNJ,118.23,660868
2026-09-10,JNJ,120.15,2026414
2026-09-11,JNJ,120.71,1912549
2026-09-14,JNJ,114.35,2249396
2026-09-15,JNJ,116.81,888357
2026-09-16,JNJ,116.81,938418
2026-09-17,JNJ,115.64,1513750
2026-09-18,JNJ,116.28,979630
2026-09-21,JNJ,118.21,1696383
2026-09-22,JNJ,117.46,1849424
2026-09-23,JNJ,118.85,1330659
2026-09-24,JNJ,114.43,1365268
2026-09-25,JNJ,116.67,2150954
2026-09-28,JNJ,119.98,1142806
2026-09-29,JNJ,119.66,1962633
2026-09-30,JNJ,118.23,2495906
2025-09-30,UNH,454.59,2074622
2025-10-01,UNH,452.71,953897
2025-10-02,UNH,454.36,613740
2025-10-03,UNH,445.37,1640498
2025-10-06,UNH,447.85,811552
2025-10-07,UNH,442.81,1056870
2025-10-08,UNH,445.48,1099651
2025-10-09,UNH,436.17,1579956
2025-10-10,UNH,438.4,1135913
2025-10-13,UNH,452.92,1160974
2025-10-14,UNH,449.17,1893856
2025-10-15,UNH,447.83,1391346
2025-10-16,UNH,465.16,2050976
2025-10-17,UNH,468.01,1488765
2025-10-20,UNH,464.25,1102413
2025-10-21,UNH,477.2,1765324
2025-10-22,UNH,480.67,678050
2025-10-23,UNH,494.69,2131189
2025-10-24,UNH,511.75,1690708
2025-10-27,UNH,515.25,1353147
2025-10-28,UNH,503.24,1144927
2025-10-29,UNH,484.67,2406404
2025-10-30,UNH,476.12,1957674
2025-10-31,UNH,480.71,2412465
2025-11-03,UNH,476.83,1359212
2025-11-04,UNH,472.33,1520272
2025-11-05,UNH,466.31,1057876
2025-11-06,UNH,458.79,948541
2025-11-07,UNH,450.61,1130323
2025-11-10,UNH,447.43,2205371
2025-11-11,UNH,461.16,2119422
2025-11-12,UNH,459.79,1106967
2025-11-13,UNH,455.86,617062
2025-11-14,UNH,448.19,1167788
2025-11-17,UNH,434.29,2430437
2025-11-18,UNH,434.02,2132092
2025-11-19,UNH,423.02,578985
2025-11-20,UNH,410.68,780915
2025-11-21,UNH,406.15,740783
2025-11-24,UNH,411.13,604240
2025-11-25,UNH,408.51,788577
2025-11-26,UNH,399.83,735906
2025-11-27,UNH,379.43,1943935
2025-11-28,UNH,371.41,1221829
2025-12-01,UNH,365.34,1234300
2025-12-02,UNH,364.04,2329269
2025-12-03,UNH,361.95,701466
2025-12-04,UNH,368.87,459624
2025-12-05,UNH,379.74,1313391
2025-12-08,UNH,375.36,2452393
2025-12-09,UNH,367.67,1212480
2025-12-10,UNH,369.78,432457
2025-12-11,UNH,365.12,2283226
2025-12-12,UNH,362.03,722033
2025-12-15,UNH,370.09,737018
2025-12-16,UNH,377.28,2151824
2025-12-17,UNH,388.85,1574799
2025-12-18,UNH,391.04,1810687
2025-12-19,UNH,395.66,2170264
2025-12-22,UNH,401.05,1024791
2025-12-23,UNH,393.69,428465
2025-12-24,UNH,381.69,1096797
2025-12-25,UNH,383.58,416998
2025-12-26,UNH,394.09,2128862
2025-12-29,UNH,397.18,2052235
2025-12-30,UNH,382.88,2469235
2025-12-31,UNH,372.33,510547
2026-01-01,UNH,373.66,1249219
2026-01-02,UNH,384.44,1441395
2026-01-05,UNH,383.97,1396669
2026-01-06,UNH,389.28,545159
2026-01-07,UNH,395.08,986220
2026-01-08,UNH,399.36,2209804
2026-01-09,UNH,410.19,1664754
2026-01-12,UNH,403.05,744272
2026-01-13,UNH,396.34,1576412
2026-01-14,UNH,392.84,1631441
2026-01-15,UNH,397.24,746906
2026-01-16,UNH,407.31,2311813
2026-01-19,UNH,395.35,1875838
2026-01-20,UNH,385.41,461177
2026-01-21,UNH,386.16,1717812
2026-01-22,UNH,389.14,1936645
2026-01-23,UNH,369.58,565942
2026-01-26,UNH,358.53,1033308
2026-01-27,UNH,359.66,1500814
2026-01-28,UNH,348.74,1051263
2026-01-29,UNH,353.27,641245
2026-01-30,UNH,362.71,759321
2026-02-02,UNH,351.88,2177350
2026-02-03,UNH,340.12,828964
2026-02-04,UNH,345.99,1692183
2026-02-05,UNH,348.67,1637275
2026-02-06,UNH,340.43,704585
2026-02-09,UNH,342.43,1798740
2026-02-10,UNH,336.02,2478646
2026-02-11,UNH,341.39,2063610
2026-02-12,UNH,336.91,1365947
2026-02-13,UNH,345.36,2147424
2026-02-16,UNH,341.78,1067537
2026-02-17,UNH,325.32,626768
2026-02-18,UNH,323.14,808756
2026-02-19,UNH,325.97,1130323
2026-02-20,UNH,328.57,873940
2026-02-23,UNH,336.88,621512
2026-02-24,UNH,324.96,2188787
2026-02-25,UNH,322.37,2055137
2026-02-26,UNH,311.82,2353950
2026-02-27,UNH,313.38,1426490
2026-03-02,UNH,311.73,1429410
2026-03-03,UNH,304.74,2330151
2026-03-04,UNH,305.53,1606190
2026-03-05,UNH,312.74,574439
2026-03-06,UNH,312.26,687233
2026-03-09,UNH,310.56,2207519
2026-03-10,UNH,308.35,1960801
2026-03-11,UNH,311.02,1858633
2026-03-12,UNH,301.64,934121
2026-03-13,UNH,302.12,2155423
2026-03-16,UNH,292.68,1596699
2026-03-17,UNH,286.28,443636
2026-03-18,UNH,282.3,848164
2026-03-19,UNH,280.43,1638718
2026-03-20,UNH,284.42,733315
2026-03-23,UNH,282.09,1264245
2026-03-24,UNH,287.0,1546744
2026-03-25,UNH,288.42,2292764
2026-03-26,UNH,287.52,1960753
2026-03-27,UNH,287.75,1923990
2026-03-30,UNH,288.18,1554912
2026-03-31,UNH,298.93,1628905
2026-04-01,UNH,301.46,1194111
2026-04-02,UNH,299.75,466183
2026-04-03,UNH,297.38,1535985
2026-04-06,UNH,298.7,819072
2026-04-07,UNH,304.22,1741771
2026-04-08,UNH,308.3,1724651
2026-04-09,UNH,305.76,1761991
2026-04-10,UNH,291.6,2461800
2026-04-13,UNH,292.3,1343064
2026-04-14,UNH,285.38,864902
2026-04-15,UNH,280.25,658454
2026-04-16,UNH,276.13,1171153
2026-04-17,UNH,271.57,1081279
2026-04-20,UNH,271.74,721931
2026-04-21,UNH,272.41,1167781
2026-04-22,UNH,274.66,717908
2026-04-23,UNH,275.19,1923695
2026-04-24,UNH,267.96,1875600
2026-04-27,UNH,267.63,1611237
2026-04-28,UNH,267.81,1513135
2026-04-29,UNH,267.41,796055
2026-04-30,UNH,266.71,578465
2026-05-01,UNH,260.69,1546891
2026-05-04,UNH,260.12,742750
2026-05-05,UNH,261.48,1328425
2026-05-06,UNH,262.07,1418127
2026-05-07,UNH,260.5,1366322
2026-05-08,UNH,263.7,2338318
2026-05-11,UNH,261.68,2229918
2026-05-12,UNH,260.31,458559
2026-05-13,UNH,256.87,1062527
2026-05-14,UNH,263.86,2172373
2026-05-15,UNH,258.56,1826849
2026-05-18,UNH,255.22,2402793
2026-05-19,UNH,251.77,1678575
2026-05-20,UNH,255.41,405604
2026-05-21,UNH,256.32,1087528
2026-05-22,UNH,256.17,1935470
2026-05-25,UNH,256.54,1517744
2026-05-26,UNH,256.13,2215139
2026-05-27,UNH,254.28,2453440
2026-05-28,UNH,252.07,834029
2026-05-29,UNH,250.45,787162
2026-06-01,UNH,249.4,1345486
2026-06-02,UNH,248.71,1359747
2026-06-03,UNH,242.91,1798346
2026-06-04,UNH,242.78,1469190
2026-06-05,UNH,246.13,643994
2026-06-08,UNH,243.38,1632110
2026-06-09,UNH,241.97,2437801
2026-06-10,UNH,238.73,1855446
2026-06-11,UNH,240.45,1240279
2026-06-12,UNH,244.17,2181638
2026-06-15,UNH,244.64,1111565
2026-06-16,UNH,244.24,2303293
2026-06-17,UNH,240.95,1073515
2026-06-18,UNH,243.43,903151
2026-06-19,UNH,250.02,795748
2026-06-22,UNH,256.22,806140
2026-06-23,UNH,254.24,2236068
2026-06-24,UNH,248.44,2043719
2026-06-25,UNH,249.94,2069712
2026-06-26,UNH,240.44,1670920
2026-06-29,UNH,242.69,1586529
2026-06-30,UNH,237.68,771376
2026-07-01,UNH,232.49,1458606
2026-07-02,UNH,241.21,2305001
2026-07-03,UNH,233.75,2390154
2026-07-06,UNH,238.19,1842015
2026-07-07,UNH,241.11,2294196
2026-07-08,UNH,248.6,770876
2026-07-09,UNH,256.86,1067532
2026-07-10,UNH,256.46,577782
2026-07-13,UNH,254.58,1051148
2026-07-14,UNH,257.36,824549
2026-07-15,UNH,253.88,1394145
2026-07-16,UNH,250.45,447180
2026-07-17,UNH,246.54,459556
2026-07-20,UNH,249.58,1808535
2026-07-21,UNH,252.32,1994177
2026-07-22,UNH,258.85,751064
2026-07-23,UNH,255.88,1070905
2026-07-24,UNH,250.41,1742980
2026-07-27,UNH,248.51,649088
2026-07-28,UNH,246.08,1654506
2026-07-29,UNH,239.28,1305510
2026-07-30,UNH,236.18,886190
2026-07-31,UNH,237.67,1319963
2026-08-03,UNH,233.7,1578020
2026-08-04,UNH,235.27,822162
2026-08-05,UNH,233.16,2495649
2026-08-06,UNH,228.74,1581172
2026-08-07,UNH,232.31,2089362
2026-08-10,UNH,225.35,1178171
2026-08-11,UNH,224.11,533311
2026-08-12,UNH,230.33,729821
2026-08-13,UNH,222.53,767229
2026-08-14,UNH,222.4,1578363
2026-08-17,UNH,222.1,1123432
2026-08-18,UNH,224.74,2208986
2026-08-19,UNH,224.96,1322320
2026-08-20,UNH,222.47,1922234
2026-08-21,UNH,222.23,2364787
2026-08-24,UNH,224.18,2045863
2026-08-25,UNH,225.49,1516487
2026-08-26,UNH,225.98,1928264
2026-08-27,UNH,229.25,764594
2026-08-28,UNH,231.03,1541930
2026-08-31,UNH,236.77,758325
2026-09-01,UNH,227.64,1307607
2026-09-02,UNH,228.98,1917796
2026-09-03,UNH,227.6,965450
2026-09-04,UNH,220.95,662640
2026-09-07,UNH,219.28,2354098
2026-09-08,UNH,220.08,2249698
2026-09-09,UNH,215.16,1652281
2026-09-10,UNH,209.4,819325
2026-09-11,UNH,209.76,1682757
2026-09-14,UNH,212.55,1864489
2026-09-15,UNH,207.7,1979784
2026-09-16,UNH,207.59,1579752
2026-09-17,UNH,206.98,1687777
2026-09-18,UNH,201.85,1737492
2026-09-21,UNH,203.92,2138019
2026-09-22,UNH,201.49,2064889
2026-09-23,UNH,201.34,1063652
2026-09-24,UNH,202.16,2176818
2026-09-25,UNH,196.79,1651951
2026-09-28,UNH,195.35,2192645
2026-09-29,UNH,201.85,2002686
2026-09-30,UNH,202.34,885195
2025-09-30,NESN,86.06,748170
2025-10-01,NESN,88.29,522084
2025-10-02,NESN,89.27,964064
2025-10-03,NESN,89.29,1213088
2025-10-06,NESN,90.24,1719341
2025-10-07,NESN,87.81,1928043
2025-10-08,NESN,89.69,2107041
2025-10-09,NESN,94.89,1852085
2025-10-10,NESN,96.74,536002
2025-10-13,NESN,102.54,1243775
2025-10-14,NESN,102.39,962138
2025-10-15,NESN,104.74,2187870
2025-10-16,NESN,101.01,740951
2025-10-17,NESN,103.86,687780
2025-10-20,NESN,101.03,1690333
2025-10-21,NESN,96.35,1816553
2025-10-22,NESN,98.56,2434439
2025-10-23,NESN,95.97,2148793
2025-10-24,NESN,94.64,1754013
2025-10-27,NESN,94.91,2037167
2025-10-28,NESN,94.37,1425589
2025-10-29,NESN,92.43,2130767
2025-10-30,NESN,95.13,2380233
2025-10-31,NESN,96.57,2484726
2025-11-03,NESN,98.12,643235
2025-11-04,NESN,96.52,2043256
2025-11-05,NESN,97.28,2446205
2025-11-06,NESN,97.89,1802372
2025-11-07,NESN,102.14,2450909
2025-11-10,NESN,102.16,611877
2025-11-11,NESN,101.77,676372
2025-11-12,NESN,107.74,1736413
2025-11-13,NESN,105.99,2162398
2025-11-14,NESN,105.27,1021385
2025-11-17,NESN,106.17,461719
2025-11-18,NESN,112.47,1702265
2025-11-19,NESN,110.84,1200465
2025-11-20,NESN,109.58,639164
2025-11-21,NESN,109.48,726600
2025-11-24,NESN,107.57,700616
2025-11-25,NESN,108.96,2174105
2025-11-26,NESN,108.78,602528
2025-11-27,NESN,109.13,770618
2025-11-28,NESN,107.23,2050336
2025-12-01,NESN,110.35,1888925
2025-12-02,NESN,105.26,2237484
2025-12-03,NESN,104.8,955456
2025-12-04,NESN,104.02,597029
2025-12-05,NESN,108.32,785665
2025-12-08,NESN,107.62,1338598
2025-12-09,NESN,106.62,1021926
2025-12-10,NESN,103.98,2435809
2025-12-11,NESN,102.46,1006046
2025-12-12,NESN,100.73,1633570
2025-12-15,NESN,101.39,837993
2025-12-16,NESN,101.82,823029
2025-12-17,NESN,105.07,1585861
2025-12-18,NESN,104.64,846645
2025-12-19,NESN,103.47,784520
2025-12-22,NESN,104.65,1532295
2025-12-23,NESN,102.29,1401544
2025-12-24,NESN,105.27,1959705
2025-12-25,NESN,102.74,519067
2025-12-26,NESN,101.7,1585821
2025-12-29,NESN,102.75,1986099
2025-12-30,NESN,102.11,1213199
2025-12-31,NESN,100.3,406559
2026-01-01,NESN,100.17,2405404
2026-01-02,NESN,100.5,736948
2026-01-05,NESN,102.35,1655144
2026-01-06,NESN,103.88,625374
2026-01-07,NESN,103.11,918990
2026-01-08,NESN,102.06,675963
2026-01-09,NESN,102.91,527248
2026-01-12,NESN,102.83,787131
2026-01-13,NESN,102.18,1843121
2026-01-14,NESN,104.21,914307
2026-01-15,NESN,106.45,2240769
2026-01-16,NESN,107.59,795570
2026-01-19,NESN,109.11,2098987
2026-01-20,NESN,106.0,2421641
2026-01-21,NESN,107.96,2273583
2026-01-22,NESN,107.84,1475886
2026-01-23,NESN,109.7,2496203
2026-01-26,NESN,109.14,510424
2026-01-27,NESN,108.7,568888
2026-01-28,NESN,109.17,551079
2026-01-29,NESN,111.09,1415002
2026-01-30,NESN,112.2,1685046
2026-02-02,NESN,110.67,1218719
2026-02-03,NESN,111.55,1468132
2026-02-04,NESN,110.29,2294529
2026-02-05,NESN,112.44,2348959
2026-02-06,NESN,112.05,728104
2026-02-09,NESN,114.47,1134593
2026-02-10,NESN,116.47,2010221
2026-02-11,NESN,119.39,2453892
2026-02-12,NESN,119.47,2045069
2026-02-13,NESN,119.21,1249096
2026-02-16,NESN,120.86,2240678
2026-02-17,NESN,121.19,1239268
2026-02-18,NESN,124.21,2113168
2026-02-19,NESN,124.74,1595129
2026-02-20,NESN,120.67,1633127
2026-02-23,NESN,120.47,402274
2026-02-24,NESN,125.88,1889940
2026-02-25,NESN,126.81,532544
2026-02-26,NESN,132.99,1389978
2026-02-27,NESN,130.19,1348345
2026-03-02,NESN,131.89,1463070
2026-03-03,NESN,124.79,665540
2026-03-04,NESN,124.68,2462947
2026-03-05,NESN,127.06,1955248
2026-03-06,NESN,129.0,1098002
2026-03-09,NESN,130.29,848275
2026-03-10,NESN,126.44,2302537
2026-03-11,NESN,127.02,1554348
2026-03-12,NESN,127.23,1848614
2026-03-13,NESN,128.49,612889
2026-03-16,NESN,130.38,680126
2026-03-17,NESN,130.93,405003
2026-03-18,NESN,127.99,2071643
2026-03-19,NESN,130.75,2121579
2026-03-20,NESN,127.38,1377342
2026-03-23,NESN,127.67,636680
2026-03-24,NESN,128.35,1184485
2026-03-25,NESN,126.89,514178
2026-03-26,NESN,128.82,496732
2026-03-27,NESN,131.39,1775387
2026-03-30,NESN,129.81,529190
2026-03-31,NESN,126.06,1764037
2026-04-01,NESN,127.18,2311618
2026-04-02,NESN,124.33,1114063
2026-04-03,NESN,121.71,985710
2026-04-06,NESN,123.35,2070037
2026-04-07,NESN,124.16,1184525
2026-04-08,NESN,122.58,1412178
2026-04-09,NESN,125.29,929376
2026-04-10,NESN,125.67,1554726
2026-04-13,NESN,126.55,1335635
2026-04-14,NESN,125.33,1936597
2026-04-15,NESN,126.23,757055
2026-04-16,NESN,130.19,1725304
2026-04-17,NESN,132.03,1839265
2026-04-20,NESN,129.39,1672776
2026-04-21,NESN,127.65,1803050
2026-04-22,NESN,129.31,2045900
2026-04-23,NESN,131.15,1978783
2026-04-24,NESN,130.77,1021630
2026-04-27,NESN,129.86,1496973
2026-04-28,NESN,132.88,431288
2026-04-29,NESN,131.8,1523433
2026-04-30,NESN,128.63,867492
2026-05-01,NESN,131.33,973631
2026-05-04,NESN,127.08,2379793
2026-05-05,NESN,126.38,680781
2026-05-06,NESN,128.22,556767
2026-05-07,NESN,127.82,473818
2026-05-08,NESN,132.56,420497
2026-05-11,NESN,132.96,1655732
2026-05-12,NESN,131.11,533519
2026-05-13,NESN,126.5,1835962
2026-05-14,NESN,128.11,1947561
2026-05-15,NESN,129.73,1591893
2026-05-18,NESN,135.15,503841
2026-05-19,NESN,131.35,1238831
2026-05-20,NESN,131.72,488889
2026-05-21,NESN,126.17,863666
2026-05-22,NESN,124.89,1551688
2026-05-25,NESN,123.0,2269763
2026-05-26,NESN,124.44,1189284
2026-05-27,NESN,127.83,2029564
2026-05-28,NESN,124.09,2307458
2026-05-29,NESN,125.97,2302587
2026-06-01,NESN,125.71,694292
2026-06-02,NESN,126.23,2260753
2026-06-03,NESN,125.02,464555
2026-06-04,NESN,123.97,1133719
2026-06-05,NESN,124.7,2333830
2026-06-08,NESN,122.23,1750667
2026-06-09,NESN,121.79,2472992
2026-06-10,NESN,121.4,1825194
2026-06-11,NESN,124.38,1845912
2026-06-12,NESN,123.44,571937
2026-06-15,NESN,124.17,1885264
2026-06-16,NESN,121.46,1693750
2026-06-17,NESN,121.28,1843777
2026-06-18,NESN,122.65,1877694
2026-06-19,NESN,123.37,1950458
2026-06-22,NESN,120.46,1529745
2026-06-23,NESN,118.28,1160017
2026-06-24,NESN,119.78,1542999
2026-06-25,NESN,118.69,2301691
2026-06-26,NESN,118.15,692766
2026-06-29,NESN,121.97,1655712
2026-06-30,NESN,119.62,605264
2026-07-01,NESN,119.29,930110
2026-07-02,NESN,120.52,1161490
2026-07-03,NESN,121.92,2160121
2026-07-06,NESN,122.3,557822
2026-07-07,NESN,123.91,1694250
2026-07-08,NESN,122.72,1902385
2026-07-09,NESN,122.22,1733291
2026-07-10,NESN,125.96,1610517
2026-07-13,NESN,129.28,2040628
2026-07-14,NESN,125.96,734996
2026-07-15,NESN,127.01,1330424
2026-07-16,NESN,125.45,1169387
2026-07-17,NESN,123.48,2097153
2026-07-20,NESN,119.12,1180568
2026-07-21,NESN,117.34,1560537
2026-07-22,NESN,117.95,775185
2026-07-23,NESN,118.55,485614
2026-07-24,NESN,119.5,1630665
2026-07-27,NESN,121.4,2234745
2026-07-28,NESN,122.48,946724
2026-07-29,NESN,125.31,409096
2026-07-30,NESN,125.28,2325998
2026-07-31,NESN,127.1,2395289
2026-08-03,NESN,123.1,677374
2026-08-04,NESN,125.14,1666608
2026-08-05,NESN,126.99,2298951
2026-08-06,NESN,126.35,1892578
2026-08-07,NESN,126.64,1613223
2026-08-10,NESN,127.54,1257892
2026-08-11,NESN,131.39,541894
2026-08-12,NESN,130.25,1116161
2026-08-13,NESN,127.05,1326767
2026-08-14,NESN,123.14,2476699
2026-08-17,NESN,121.72,1027412
2026-08-18,NESN,122.36,1724189
2026-08-19,NESN,126.08,1333759
2026-08-20,NESN,124.46,584001
2026-08-21,NESN,124.76,2302645
2026-08-24,NESN,126.21,2236030
2026-08-25,NESN,130.48,2305980
2026-08-26,NESN,132.47,1722816
2026-08-27,NESN,130.22,677996
2026-08-28,NESN,132.93,464642
2026-08-31,NESN,130.29,758961
2026-09-01,NESN,131.1,668442
2026-09-02,NESN,129.26,1404914
2026-09-03,NESN,131.64,1556152
2026-09-04,NESN,134.98,1652936
2026-09-07,NESN,135.6,1602425
2026-09-08,NESN,133.04,401009
2026-09-09,NESN,133.81,1554977
2026-09-10,NESN,136.08,942311
2026-09-11,NESN,136.69,2014994
2026-09-14,NESN,138.76,2411336
2026-09-15,NESN,144.64,701227
2026-09-16,NESN,143.92,1785268
2026-09-17,NESN,149.5,1275492
2026-09-18,NESN,152.0,880072
2026-09-21,NESN,152.38,1013512
2026-09-22,NESN,156.21,1316200
2026-09-23,NESN,147.58,1301359
2026-09-24,NESN,145.7,1249601
2026-09-25,NESN,145.06,649801
2026-09-28,NESN,144.64,2423665
2026-09-29,NESN,143.92,1133734
2026-09-30,NESN,145.11,412694
2025-09-30,ASML,725.43,1200511
2025-10-01,ASML,730.96,1169857
2025-10-02,ASML,731.47,1701649
2025-10-03,ASML,738.86,895725
2025-10-06,ASML,743.02,1840243
2025-10-07,ASML,742.54,1987577
2025-10-08,ASML,746.83,1665117
2025-10-09,ASML,743.57,1978957
2025-10-10,ASML,748.48,1777813
2025-10-13,ASML,756.19,1329719
2025-10-14,ASML,761.62,1115241
2025-10-15,ASML,762.73,1787687
2025-10-16,ASML,766.78,1029264
2025-10-17,ASML,780.74,1935179
2025-10-20,ASML,777.13,2240287
2025-10-21,ASML,780.8,1295304
2025-10-22,ASML,798.89,1064517
2025-10-23,ASML,810.23,1300570
2025-10-24,ASML,799.53,2231435
2025-10-27,ASML,810.76,2228529
2025-10-28,ASML,831.56,972954
2025-10-29,ASML,852.96,2322045
2025-10-30,ASML,863.94,1445893
2025-10-31,ASML,868.85,1272506
2025-11-03,ASML,863.9,1309597
2025-11-04,ASML,848.01,494012
2025-11-05,ASML,820.04,567685
2025-11-06,ASML,830.37,1825635
2025-11-07,ASML,829.52,1119663
2025-11-10,ASML,851.16,1231520
2025-11-11,ASML,820.81,2238321
2025-11-12,ASML,830.8,854513
2025-11-13,ASML,833.36,2206507
2025-11-14,ASML,875.47,1539201
2025-11-17,ASML,896.97,904918
2025-11-18,ASML,895.07,875830
2025-11-19,ASML,892.4,587836
2025-11-20,ASML,889.84,1128446
2025-11-21,ASML,904.11,794198
2025-11-24,ASML,883.94,1213792
2025-11-25,ASML,907.74,1589322
2025-11-26,ASML,909.45,1101523
2025-11-27,ASML,893.98,469070
2025-11-28,ASML,876.95,843625
2025-12-01,ASML,876.46,1329018
2025-12-02,ASML,894.09,2232696
2025-12-03,ASML,884.66,620459
2025-12-04,ASML,892.33,2161578
2025-12-05,ASML,887.0,636653
2025-12-08,ASML,877.45,1005172
2025-12-09,ASML,876.7,1188568
2025-12-10,ASML,847.38,936482
2025-12-11,ASML,847.85,2267726
2025-12-12,ASML,831.29,789564
2025-12-15,ASML,824.21,1001463
2025-12-16,ASML,827.73,2308375
2025-12-17,ASML,864.56,1747637
2025-12-18,ASML,887.08,598554
2025-12-19,ASML,892.06,474756
2025-12-22,ASML,869.98,908815
2025-12-23,ASML,856.24,2342718
2025-12-24,ASML,831.71,1355675
2025-12-25,ASML,857.42,1732958
2025-12-26,ASML,859.11,1387442
2025-12-29,ASML,873.25,1669890
2025-12-30,ASML,877.7,2167096
2025-12-31,ASML,883.79,913444
2026-01-01,ASML,899.01,1229308
2026-01-02,ASML,865.35,2165051
2026-01-05,ASML,887.87,415805
2026-01-06,ASML,876.21,1226131
2026-01-07,ASML,867.11,1597532
2026-01-08,ASML,845.93,985317
2026-01-09,ASML,843.87,1483254
2026-01-12,ASML,848.53,1460711
2026-01-13,ASML,856.51,1073313
2026-01-14,ASML,848.44,829416
2026-01-15,ASML,826.14,1235584
2026-01-16,ASML,821.95,2075716
2026-01-19,ASML,854.82,2327203
2026-01-20,ASML,848.79,1604929
2026-01-21,ASML,834.89,466390
2026-01-22,ASML,837.04,1887297
2026-01-23,ASML,816.79,2210031
2026-01-26,ASML,813.9,950322
2026-01-27,ASML,785.09,1880515
2026-01-28,ASML,758.83,1684337
2026-01-29,ASML,748.37,1368942
2026-01-30,ASML,750.9,2328548
2026-02-02,ASML,748.62,860110
2026-02-03,ASML,754.02,1533123
2026-02-04,ASML,760.26,1774386
2026-02-05,ASML,737.77,2432591
2026-02-06,ASML,754.03,1990914
2026-02-09,ASML,740.13,1335792
2026-02-10,ASML,731.06,1957796
2026-02-11,ASML,727.48,1329588
2026-02-12,ASML,739.9,974565
2026-02-13,ASML,707.71,524581
2026-02-16,ASML,700.26,1029124
2026-02-17,ASML,680.4,1974918
2026-02-18,ASML,691.93,1710022
2026-02-19,ASML,694.11,1482670
2026-02-20,ASML,682.73,1626051
2026-02-23,ASML,695.87,2489033
2026-02-24,ASML,704.72,864639
2026-02-25,ASML,703.46,1789385
2026-02-26,ASML,690.57,1800676
2026-02-27,ASML,687.68,1816902
2026-03-02,ASML,694.32,2217806
2026-03-03,ASML,705.94,847553
2026-03-04,ASML,688.26,474331
2026-03-05,ASML,669.22,1351297
2026-03-06,ASML,685.41,412113
2026-03-09,ASML,690.39,1941728
2026-03-10,ASML,685.55,576463
2026-03-11,ASML,669.93,2411086
2026-03-12,ASML,670.07,1944071
2026-03-13,ASML,648.9,577256
2026-03-16,ASML,640.88,2431992
2026-03-17,ASML,618.77,1346652
2026-03-18,ASML,619.66,1584880
2026-03-19,ASML,619.46,2075455
2026-03-20,ASML,593.97,524475
2026-03-23,ASML,603.3,1449857
2026-03-24,ASML,592.59,500771
2026-03-25,ASML,586.7,2110749
2026-03-26,ASML,583.9,2319353
2026-03-27,ASML,574.26,1543151
2026-03-30,ASML,569.48,907665
2026-03-31,ASML,561.42,1071366
2026-04-01,ASML,553.51,2473728
2026-04-02,ASML,558.4,1580546
2026-04-03,ASML,579.44,1405590
2026-04-06,ASML,586.18,1835226
2026-04-07,ASML,597.86,1294139
2026-04-08,ASML,598.98,520946
2026-04-09,ASML,583.81,1232066
2026-04-10,ASML,588.31,2427531
2026-04-13,ASML,576.56,2453010
2026-04-14,ASML,576.11,618368
2026-04-15,ASML,584.74,1872267
2026-04-16,ASML,596.08,1630266
2026-04-17,ASML,596.31,943457
2026-04-20,ASML,587.02,1414057
2026-04-21,ASML,589.5,576141
2026-04-22,ASML,592.39,1690879
2026-04-23,ASML,592.45,1521951
2026-04-24,ASML,574.12,785391
2026-04-27,ASML,577.02,589205
2026-04-28,ASML,575.73,1099866
2026-04-29,ASML,576.41,718330
2026-04-30,ASML,584.52,600104
2026-05-01,ASML,578.32,2058100
2026-05-04,ASML,568.86,1331974
2026-05-05,ASML,583.17,1832313
2026-05-06,ASML,592.99,1737287
2026-05-07,ASML,587.68,1012316
2026-05-08,ASML,595.74,2158463
2026-05-11,ASML,596.7,516014
2026-05-12,ASML,589.99,503844
2026-05-13,ASML,580.23,1659049
2026-05-14,ASML,565.38,2488177
2026-05-15,ASML,555.82,697722
2026-05-18,ASML,556.7,676233
2026-05-19,ASML,563.01,794597
2026-05-20,ASML,556.42,680629
2026-05-21,ASML,542.71,1572052
2026-05-22,ASML,525.61,2335069
2026-05-25,ASML,509.51,1636472
2026-05-26,ASML,501.67,2453465
2026-05-27,ASML,508.19,2024274
2026-05-28,ASML,492.73,1738385
2026-05-29,ASML,516.81,776323
2026-06-01,ASML,514.14,1285601
2026-06-02,ASML,508.47,1772060
2026-06-03,ASML,486.39,1612575
2026-06-04,ASML,473.62,1777018
2026-06-05,ASML,468.44,434765
2026-06-08,ASML,470.25,1059411
2026-06-09,ASML,487.93,882338
2026-06-10,ASML,485.06,2074059
2026-06-11,ASML,480.5,1119191
2026-06-12,ASML,486.65,525744
2026-06-15,ASML,492.71,631826
2026-06-16,ASML,474.03,1357503
2026-06-17,ASML,486.58,1948753
2026-06-18,ASML,489.15,863530
2026-06-19,ASML,494.95,1752733
2026-06-22,ASML,487.13,872667
2026-06-23,ASML,479.41,1179360
2026-06-24,ASML,491.89,860425
2026-06-25,ASML,476.88,454143
2026-06-26,ASML,487.54,2227239
2026-06-29,ASML,498.11,480392
2026-06-30,ASML,483.03,406676
2026-07-01,ASML,485.76,479771
2026-07-02,ASML,486.61,2373213
2026-07-03,ASML,498.34,1769064
2026-07-06,ASML,499.67,1510107
2026-07-07,ASML,487.6,1081250
2026-07-08,ASML,486.58,1337873
2026-07-09,ASML,487.56,1227712
2026-07-10,ASML,471.5,1217445
2026-07-13,ASML,472.02,2452020
2026-07-14,ASML,468.82,1333464
2026-07-15,ASML,457.03,2385921
2026-07-16,ASML,455.59,847796
2026-07-17,ASML,466.57,2357236
2026-07-20,ASML,466.89,1252343
2026-07-21,ASML,470.15,1422842
2026-07-22,ASML,469.43,1730640
2026-07-23,ASML,458.65,1906911
2026-07-24,ASML,468.14,737510
2026-07-27,ASML,472.03,1426979
2026-07-28,ASML,471.86,1091221
2026-07-29,ASML,477.47,457762
2026-07-30,ASML,502.1,598530
2026-07-31,ASML,496.39,1747623
2026-08-03,ASML,491.94,1900454
2026-08-04,ASML,495.83,2468596
2026-08-05,ASML,479.41,473438
2026-08-06,ASML,488.89,2336862
2026-08-07,ASML,490.18,2267059
2026-08-10,ASML,490.69,703194
2026-08-11,ASML,478.94,1080663
2026-08-12,ASML,492.11,611586
2026-08-13,ASML,483.89,1363782
2026-08-14,ASML,468.73,659268
2026-08-17,ASML,473.14,1971787
2026-08-18,ASML,463.08,2001293
2026-08-19,ASML,466.01,1744407
2026-08-20,ASML,474.76,1272652
2026-08-21,ASML,471.42,602051
2026-08-24,ASML,487.15,2039208
2026-08-25,ASML,496.17,1490860
2026-08-26,ASML,499.33,1619963
2026-08-27,ASML,489.28,2437691
2026-08-28,ASML,472.42,991592
2026-08-31,ASML,469.6,1825080
2026-09-01,ASML,476.99,2424173
2026-09-02,ASML,470.77,459426
2026-09-03,ASML,478.19,1461380
2026-09-04,ASML,473.56,842039
2026-09-07,ASML,479.36,1372844
2026-09-08,ASML,471.82,2163047
2026-09-09,ASML,467.02,547112
2026-09-10,ASML,474.33,747651
2026-09-11,ASML,479.12,1803916
2026-09-14,ASML,472.6,1178702
2026-09-15,ASML,496.66,1333268
2026-09-16,ASML,494.88,2401251
2026-09-17,ASML,484.91,1880569
2026-09-18,ASML,472.58,492336
2026-09-21,ASML,466.39,1637578
2026-09-22,ASML,472.65,2218005
2026-09-23,ASML,463.26,1998395
2026-09-24,ASML,469.17,933377
2026-09-25,ASML,473.24,1014957
2026-09-28,ASML,482.89,1307078
2026-09-29,ASML,484.47,597429
2026-09-30,ASML,503.42,1096955
2025-09-30,TSM,140.03,1765291
2025-10-01,TSM,136.86,1080098
2025-10-02,TSM,136.15,458427
2025-10-03,TSM,142.32,1679369
2025-10-06,TSM,140.59,1875636
2025-10-07,TSM,142.79,1474477
2025-10-08,TSM,142.46,1968498
2025-10-09,TSM,141.04,2020602
2025-10-10,TSM,141.37,2236117
2025-10-13,TSM,145.25,1490663
2025-10-14,TSM,145.05,423841
2025-10-15,TSM,146.7,1085546
2025-10-16,TSM,142.79,1399697
2025-10-17,TSM,148.76,647817
2025-10-20,TSM,149.79,732758
2025-10-21,TSM,149.42,2316251
2025-10-22,TSM,151.11,2055175
2025-10-23,TSM,154.48,1072734
2025-10-24,TSM,153.35,2491170
2025-10-27,TSM,150.04,1200721
2025-10-28,TSM,148.43,1701732
2025-10-29,TSM,149.45,425776
2025-10-30,TSM,150.4,812509
2025-10-31,TSM,151.3,1393375
2025-11-03,TSM,146.75,2339011
2025-11-04,TSM,150.09,1971578
2025-11-05,TSM,155.23,1006134
2025-11-06,TSM,154.16,406388
2025-11-07,TSM,157.26,2216678
2025-11-10,TSM,161.08,2179099
2025-11-11,TSM,163.98,1241156
2025-11-12,TSM,164.27,1523176
2025-11-13,TSM,162.24,447675
2025-11-14,TSM,163.61,1684356
2025-11-17,TSM,159.57,1192296
2025-11-18,TSM,158.98,1910717
2025-11-19,TSM,161.68,2228018
2025-11-20,TSM,166.7,1120202
2025-11-21,TSM,169.09,1165986
2025-11-24,TSM,166.72,1942113
2025-11-25,TSM,171.46,547851
2025-11-26,TSM,170.46,1192663
2025-11-27,TSM,172.22,654624
2025-11-28,TSM,171.69,1032707
2025-12-01,TSM,173.76,721650
2025-12-02,TSM,168.89,2355545
2025-12-03,TSM,171.21,1041598
2025-12-04,TSM,172.51,1336194
2025-12-05,TSM,170.93,1492434
2025-12-08,TSM,172.08,433624
2025-12-09,TSM,174.85,496998
2025-12-10,TSM,179.71,1454321
2025-12-11,TSM,184.05,2470762
2025-12-12,TSM,184.3,567538
2025-12-15,TSM,183.49,2365206
2025-12-16,TSM,175.49,2366537
2025-12-17,TSM,168.85,709672
2025-12-18,TSM,171.38,1967243
2025-12-19,TSM,175.06,1126533
2025-12-22,TSM,171.8,561945
2025-12-23,TSM,176.27,2063912
2025-12-24,TSM,180.18,2115095
2025-12-25,TSM,180.72,2146348
2025-12-26,TSM,185.88,1995276
2025-12-29,TSM,185.24,1618357
2025-12-30,TSM,183.47,988854
2025-12-31,TSM,183.66,838736
2026-01-01,TSM,189.4,542494
2026-01-02,TSM,192.94,1691170
2026-01-05,TSM,195.95,576636
2026-01-06,TSM,197.69,484025
2026-01-07,TSM,194.13,2306569
2026-01-08,TSM,193.28,1338862
2026-01-09,TSM,191.84,2447357
2026-01-12,TSM,191.91,1588790
2026-01-13,TSM,191.49,483371
2026-01-14,TSM,187.22,2453426
2026-01-15,TSM,185.51,2410772
2026-01-16,TSM,184.57,575677
2026-01-19,TSM,181.85,1091472
2026-01-20,TSM,183.57,1100700
2026-01-21,TSM,179.33,1849245
2026-01-22,TSM,178.14,1509726
2026-01-23,TSM,174.98,2265083
2026-01-26,TSM,179.42,934619
2026-01-27,TSM,181.98,2048518
2026-01-28,TSM,177.71,997431
2026-01-29,TSM,177.89,1429487
2026-01-30,TSM,180.79,746767
2026-02-02,TSM,176.09,1736873
2026-02-03,TSM,173.72,1292054
2026-02-04,TSM,177.21,1188142
2026-02-05,TSM,177.04,895868
2026-02-06,TSM,177.05,1400671
2026-02-09,TSM,177.83,1134731
2026-02-10,TSM,178.71,1087789
2026-02-11,TSM,183.94,639019
2026-02-12,TSM,188.36,1658096
2026-02-13,TSM,189.86,723275
2026-02-16,TSM,192.46,533661
2026-02-17,TSM,196.16,871571
2026-02-18,TSM,199.89,570527
2026-02-19,TSM,201.22,1708340
2026-02-20,TSM,197.43,1620146
2026-02-23,TSM,204.29,2022488
2026-02-24,TSM,206.57,2378163
2026-02-25,TSM,206.93,1286168
2026-02-26,TSM,205.17,957268
2026-02-27,TSM,204.51,1158658
2026-03-02,TSM,209.92,864355
2026-03-03,TSM,208.01,983483
2026-03-04,TSM,213.08,807085
2026-03-05,TSM,211.16,1367323
2026-03-06,TSM,208.68,1797191
2026-03-09,TSM,215.2,2304270
2026-03-10,TSM,210.57,2409637
2026-03-11,TSM,214.2,1200360
2026-03-12,TSM,216.63,1952563
2026-03-13,TSM,214.99,1216877
2026-03-16,TSM,212.85,1337188
2026-03-17,TSM,210.94,1415872
2026-03-18,TSM,211.26,2285973
2026-03-19,TSM,211.55,2198196
2026-03-20,TSM,214.29,1902359
2026-03-23,TSM,218.77,2259074
2026-03-24,TSM,229.28,2416115
2026-03-25,TSM,236.11,1501364
2026-03-26,TSM,235.64,921166
2026-03-27,TSM,236.29,882445
2026-03-30,TSM,240.99,1515670
2026-03-31,TSM,246.95,1700054
2026-04-01,TSM,245.57,881384
2026-04-02,TSM,250.43,1235069
2026-04-03,TSM,244.26,1316912
2026-04-06,TSM,247.57,2235151
2026-04-07,TSM,249.91,1963472
2026-04-08,TSM,252.15,1764061
2026-04-09,TSM,252.56,661738
2026-04-10,TSM,255.87,1984753
2026-04-13,TSM,259.64,613197
2026-04-14,TSM,260.33,1886376
2026-04-15,TSM,254.05,2139665
2026-04-16,TSM,256.58,2128572
2026-04-17,TSM,252.07,991942
2026-04-20,TSM,250.44,2276362
2026-04-21,TSM,256.44,547404
2026-04-22,TSM,253.23,1854466
2026-04-23,TSM,251.66,1148618
2026-04-24,TSM,252.14,721059
2026-04-27,TSM,252.73,1678276
2026-04-28,TSM,256.35,1861310
2026-04-29,TSM,261.88,1519783
2026-04-30,TSM,259.61,1835353
2026-05-01,TSM,257.98,1820361
2026-05-04,TSM,252.23,2132848
2026-05-05,TSM,252.46,743535
2026-05-06,TSM,260.61,716724
2026-05-07,TSM,261.7,874144
2026-05-08,TSM,249.29,1065368
2026-05-11,TSM,251.19,1691824
2026-05-12,TSM,249.16,2085952
2026-05-13,TSM,253.37,1169423
2026-05-14,TSM,258.02,654492
2026-05-15,TSM,261.39,1276227
2026-05-18,TSM,260.08,620114
2026-05-19,TSM,268.44,1416111
2026-05-20,TSM,262.14,573568
2026-05-21,TSM,266.09,857933
2026-05-22,TSM,269.84,622919
2026-05-25,TSM,268.1,675416
2026-05-26,TSM,264.1,1175919
2026-05-27,TSM,259.27,1783513
2026-05-28,TSM,258.55,2021023
2026-05-29,TSM,260.98,923516
2026-06-01,TSM,269.69,1819324
2026-06-02,TSM,271.17,2003239
2026-06-03,TSM,268.1,1183671
2026-06-04,TSM,261.67,1421469
2026-06-05,TSM,259.65,1862517
2026-06-08,TSM,261.52,1244346
2026-06-09,TSM,262.64,2181823
2026-06-10,TSM,261.71,2073797
2026-06-11,TSM,254.86,2059571
2026-06-12,TSM,257.95,1027325
2026-06-15,TSM,250.46,1031928
2026-06-16,TSM,250.68,440873
2026-06-17,TSM,257.04,743197
2026-06-18,TSM,263.8,848654
2026-06-19,TSM,263.65,2304380
2026-06-22,TSM,269.92,2459451
2026-06-23,TSM,275.66,1513748
2026-06-24,TSM,276.18,1154251
2026-06-25,TSM,275.37,2266044
2026-06-26,TSM,285.25,2070839
2026-06-29,TSM,285.05,1125403
2026-06-30,TSM,284.72,1959898
2026-07-01,TSM,284.41,1881093
2026-07-02,TSM,295.28,806445
2026-07-03,TSM,293.24,2497395
2026-07-06,TSM,296.03,601083
2026-07-07,TSM,297.74,1976748
2026-07-08,TSM,295.12,716388
2026-07-09,TSM,302.88,1761652
2026-07-10,TSM,307.56,1862032
2026-07-13,TSM,301.52,2474244
2026-07-14,TSM,286.68,2265832
2026-07-15,TSM,289.04,718237
2026-07-16,TSM,286.35,1282408
2026-07-17,TSM,292.26,1762949
2026-07-20,TSM,294.65,750737
2026-07-21,TSM,300.42,593958
2026-07-22,TSM,300.89,1066967
2026-07-23,TSM,300.5,1185584
2026-07-24,TSM,299.5,1418644
2026-07-27,TSM,297.28,1786586
2026-07-28,TSM,297.93,1072957
2026-07-29,TSM,298.89,1860884
2026-07-30,TSM,301.39,2334896
2026-07-31,TSM,300.74,2457992
2026-08-03,TSM,306.05,1003046
2026-08-04,TSM,305.16,586662
2026-08-05,TSM,317.66,1429387
2026-08-06,TSM,309.27,1370555
2026-08-07,TSM,309.46,1571901
2026-08-10,TSM,304.61,1999715
2026-08-11,TSM,307.25,776215
2026-08-12,TSM,307.84,2478517
2026-08-13,TSM,309.7,1340755
2026-08-14,TSM,317.78,404405
2026-08-17,TSM,325.39,757496
2026-08-18,TSM,310.59,761363
2026-08-19,TSM,314.59,2148928
2026-08-20,TSM,310.86,787885
2026-08-21,TSM,315.47,2458667
2026-08-24,TSM,318.0,1979356
2026-08-25,TSM,320.77,1236227
2026-08-26,TSM,311.95,697426
2026-08-27,TSM,312.47,2408382
2026-08-28,TSM,311.38,423708
2026-08-31,TSM,315.21,1638846
2026-09-01,TSM,315.69,968170
2026-09-02,TSM,309.98,815824
2026-09-03,TSM,308.25,1307883
2026-09-04,TSM,306.75,1839123
2026-09-07,TSM,310.54,501660
2026-09-08,TSM,306.19,571103
2026-09-09,TSM,308.19,1162200
2026-09-10,TSM,305.74,630515
2026-09-11,TSM,307.16,1301038
2026-09-14,TSM,308.4,699398
2026-09-15,TSM,306.75,846649
2026-09-16,TSM,324.02,1965243
2026-09-17,TSM,326.56,2031503
2026-09-18,TSM,323.95,1108562
2026-09-21,TSM,316.28,1427747
2026-09-22,TSM,330.78,1989838
2026-09-23,TSM,328.83,2343981
2026-09-24,TSM,335.25,2054423
2026-09-25,TSM,334.97,487151
2026-09-28,TSM,328.15,745516
2026-09-29,TSM,334.57,1088111
2026-09-30,TSM,327.0,558664
2025-09-30,UST10,89.13,15476
2025-10-01,UST10,88.87,243678
2025-10-02,UST10,89.04,26932
2025-10-03,UST10,88.75,235268
2025-10-06,UST10,88.38,126037
2025-10-07,UST10,88.16,233758
2025-10-08,UST10,88.05,74266
2025-10-09,UST10,88.14,87442
2025-10-10,UST10,88.16,268195
2025-10-13,UST10,88.18,13290
2025-10-14,UST10,88.49,85486
2025-10-15,UST10,88.45,177902
2025-10-16,UST10,88.54,16576
2025-10-17,UST10,88.4,206514
2025-10-20,UST10,88.46,220816
2025-10-21,UST10,88.07,291624
2025-10-22,UST10,87.93,73273
2025-10-23,UST10,87.38,129609
2025-10-24,UST10,87.38,294507
2025-10-27,UST10,87.26,53192
2025-10-28,UST10,87.26,177655
2025-10-29,UST10,87.03,51076
2025-10-30,UST10,87.27,37316
2025-10-31,UST10,87.04,15105
2025-11-03,UST10,86.58,68091
2025-11-04,UST10,86.62,118028
2025-11-05,UST10,86.79,41474
2025-11-06,UST10,86.73,244342
2025-11-07,UST10,87.0,156674
2025-11-10,UST10,87.2,296184
2025-11-11,UST10,87.45,299133
2025-11-12,UST10,87.89,52693
2025-11-13,UST10,88.16,251669
2025-11-14,UST10,88.29,280702
2025-11-17,UST10,87.98,119485
2025-11-18,UST10,87.71,231945
2025-11-19,UST10,88.05,155774
2025-11-20,UST10,87.8,297460
2025-11-21,UST10,87.9,292712
2025-11-24,UST10,88.11,14317
2025-11-25,UST10,88.38,45312
2025-11-26,UST10,88.47,280381
2025-11-27,UST10,88.57,139332
2025-11-28,UST10,88.44,99308
2025-12-01,UST10,88.45,298018
2025-12-02,UST10,88.94,19180
2025-12-03,UST10,89.03,131397
2025-12-04,UST10,88.84,214526
2025-12-05,UST10,88.61,36306
2025-12-08,UST10,88.85,176957
2025-12-09,UST10,88.66,170929
2025-12-10,UST10,88.99,192544
2025-12-11,UST10,88.85,56377
2025-12-12,UST10,89.48,208661
2025-12-15,UST10,89.69,93366
2025-12-16,UST10,89.39,20015
2025-12-17,UST10,89.45,189909
2025-12-18,UST10,89.46,220065
2025-12-19,UST10,89.94,136124
2025-12-22,UST10,89.95,143337
2025-12-23,UST10,90.0,17959
2025-12-24,UST10,89.78,74090
2025-12-25,UST10,89.82,181192
2025-12-26,UST10,89.77,151950
2025-12-29,UST10,89.42,37775
2025-12-30,UST10,88.79,234820
2025-12-31,UST10,88.53,182972
2026-01-01,UST10,88.44,61904
2026-01-02,UST10,88.54,132733
2026-01-05,UST10,88.76,28340
2026-01-06,UST10,88.66,203147
2026-01-07,UST10,88.55,15944
2026-01-08,UST10,88.64,125660
2026-01-09,UST10,88.86,139570
2026-01-12,UST10,88.29,166255
2026-01-13,UST10,88.34,225293
2026-01-14,UST10,88.34,51591
2026-01-15,UST10,88.59,25812
2026-01-16,UST10,88.11,34110
2026-01-19,UST10,87.96,42734
2026-01-20,UST10,87.39,122499
2026-01-21,UST10,87.4,54276
2026-01-22,UST10,87.57,100690
2026-01-23,UST10,87.74,206801
2026-01-26,UST10,87.24,99928
2026-01-27,UST10,87.54,273096
2026-01-28,UST10,87.46,44900
2026-01-29,UST10,87.64,28140
2026-01-30,UST10,87.43,49959
2026-02-02,UST10,87.56,22593
2026-02-03,UST10,87.72,81208
2026-02-04,UST10,87.95,189209
2026-02-05,UST10,88.13,234391
2026-02-06,UST10,88.17,265671
2026-02-09,UST10,88.02,108516
2026-02-10,UST10,88.15,273209
2026-02-11,UST10,88.2,205259
2026-02-12,UST10,88.58,203781
2026-02-13,UST10,87.98,99878
2026-02-16,UST10,87.83,58408
2026-02-17,UST10,87.61,11508
2026-02-18,UST10,87.65,181697
2026-02-19,UST10,87.96,15508
2026-02-20,UST10,87.82,126499
2026-02-23,UST10,88.02,84061
2026-02-24,UST10,88.03,181552
2026-02-25,UST10,87.85,237368
2026-02-26,UST10,87.95,215414
2026-02-27,UST10,87.58,157000
2026-03-02,UST10,87.53,282047
2026-03-03,UST10,87.65,31997
2026-03-04,UST10,87.92,164875
2026-03-05,UST10,88.12,61008
2026-03-06,UST10,88.06,11320
2026-03-09,UST10,88.24,235861
2026-03-10,UST10,88.26,31237
2026-03-11,UST10,88.56,296205
2026-03-12,UST10,88.52,121353
2026-03-13,UST10,88.69,39262
2026-03-16,UST10,88.52,35446
2026-03-17,UST10,88.48,14547
2026-03-18,UST10,88.4,157892
2026-03-19,UST10,88.23,122396
2026-03-20,UST10,87.98,27349
2026-03-23,UST10,87.97,181194
2026-03-24,UST10,88.1,61386
2026-03-25,UST10,87.41,22895
2026-03-26,UST10,87.08,266601
2026-03-27,UST10,87.29,192539
2026-03-30,UST10,87.51,248925
2026-03-31,UST10,87.52,129273
2026-04-01,UST10,87.58,182892
2026-04-02,UST10,87.29,93933
2026-04-03,UST10,87.6,71761
2026-04-06,UST10,87.6,235556
2026-04-07,UST10,87.55,79659
2026-04-08,UST10,87.43,170513
2026-04-09,UST10,87.27,35411
2026-04-10,UST10,86.78,242890
2026-04-13,UST10,86.77,245579
2026-04-14,UST10,87.16,214358
2026-04-15,UST10,86.96,39747
2026-04-16,UST10,87.11,22136
2026-04-17,UST10,86.92,237173
2026-04-20,UST10,86.77,229617
2026-04-21,UST10,86.89,18682
2026-04-22,UST10,86.97,193644
2026-04-23,UST10,86.9,233041
2026-04-24,UST10,86.88,269427
2026-04-27,UST10,87.21,184441
2026-04-28,UST10,87.18,231843
2026-04-29,UST10,87.31,162521
2026-04-30,UST10,87.09,273218
2026-05-01,UST10,87.09,37019
2026-05-04,UST10,87.33,272811
2026-05-05,UST10,87.0,24364
2026-05-06,UST10,86.92,82681
2026-05-07,UST10,87.12,33121
2026-05-08,UST10,87.34,185243
2026-05-11,UST10,87.13,207974
2026-05-12,UST10,87.4,225403
2026-05-13,UST10,87.16,261560
2026-05-14,UST10,87.46,205335
2026-05-15,UST10,87.59,65357
2026-05-18,UST10,87.31,56291
2026-05-19,UST10,87.27,124419
2026-05-20,UST10,87.28,174375
2026-05-21,UST10,87.13,150148
2026-05-22,UST10,87.08,159931
2026-05-25,UST10,86.99,127706
2026-05-26,UST10,87.17,109763
2026-05-27,UST10,86.96,61175
2026-05-28,UST10,86.89,142306
2026-05-29,UST10,86.56,164698
2026-06-01,UST10,86.74,159646
2026-06-02,UST10,86.51,239809
2026-06-03,UST10,86.42,289130
2026-06-04,UST10,86.6,30360
2026-06-05,UST10,86.22,69385
2026-06-08,UST10,86.17,169469
2026-06-09,UST10,86.0,161681
2026-06-10,UST10,85.79,52942
2026-06-11,UST10,86.08,154036
2026-06-12,UST10,85.68,208309
2026-06-15,UST10,85.37,18428
2026-06-16,UST10,85.09,277927
2026-06-17,UST10,84.74,67735
2026-06-18,UST10,84.74,283091
2026-06-19,UST10,84.94,94399
2026-06-22,UST10,85.11,243700
2026-06-23,UST10,85.32,186675
2026-06-24,UST10,84.98,77068
2026-06-25,UST10,85.29,260960
2026-06-26,UST10,85.25,53164
2026-06-29,UST10,85.11,81114
2026-06-30,UST10,84.86,170748
2026-07-01,UST10,84.9,270400
2026-07-02,UST10,84.83,94100
2026-07-03,UST10,84.67,182844
2026-07-06,UST10,84.65,35133
2026-07-07,UST10,84.98,45504
2026-07-08,UST10,84.56,96404
2026-07-09,UST10,84.59,61373
2026-07-10,UST10,84.74,20154
2026-07-13,UST10,84.41,272439
2026-07-14,UST10,84.28,205937
2026-07-15,UST10,84.36,131432
2026-07-16,UST10,84.56,296180
2026-07-17,UST10,84.57,196372
2026-07-20,UST10,84.6,171093
2026-07-21,UST10,84.19,208657
2026-07-22,UST10,84.41,10012
2026-07-23,UST10,84.71,267212
2026-07-24,UST10,84.81,243497
2026-07-27,UST10,84.94,258194
2026-07-28,UST10,84.7,262538
2026-07-29,UST10,84.82,196694
2026-07-30,UST10,85.05,16040
2026-07-31,UST10,85.07,127446
2026-08-03,UST10,85.02,164421
2026-08-04,UST10,84.97,141768
2026-08-05,UST10,84.75,186843
2026-08-06,UST10,84.85,237814
2026-08-07,UST10,84.63,126460
2026-08-10,UST10,85.0,239731
2026-08-11,UST10,85.08,159359
2026-08-12,UST10,85.33,126087
2026-08-13,UST10,85.5,58961
2026-08-14,UST10,85.63,244921
2026-08-17,UST10,85.83,133678
2026-08-18,UST10,85.81,264824
2026-08-19,UST10,86.08,52490
2026-08-20,UST10,86.06,43330
2026-08-21,UST10,85.85,77839
2026-08-24,UST10,85.84,73784
2026-08-25,UST10,85.86,168023
2026-08-26,UST10,85.76,118544
2026-08-27,UST10,85.71,184725
2026-08-28,UST10,86.0,199952
2026-08-31,UST10,86.05,47684
2026-09-01,UST10,86.34,201428
2026-09-02,UST10,86.14,238607
2026-09-03,UST10,85.94,27720
2026-09-04,UST10,86.23,174356
2026-09-07,UST10,86.2,195526
2026-09-08,UST10,86.17,61525
2026-09-09,UST10,86.02,175728
2026-09-10,UST10,85.87,229089
2026-09-11,UST10,85.93,204260
2026-09-14,UST10,85.92,143712
2026-09-15,UST10,85.77,278861
2026-09-16,UST10,85.55,119208
2026-09-17,UST10,85.47,233662
2026-09-18,UST10,85.42,161150
2026-09-21,UST10,85.72,213130
2026-09-22,UST10,85.76,109608
2026-09-23,UST10,86.12,191380
2026-09-24,UST10,86.24,264592
2026-09-25,UST10,86.37,246962
2026-09-28,UST10,86.3,262016
2026-09-29,UST10,86.34,144065
2026-09-30,UST10,86.12,159211
2025-09-30,UST2,89.09,206695
2025-10-01,UST2,89.45,185937
2025-10-02,UST2,89.38,57988
2025-10-03,UST2,89.9,226801
2025-10-06,UST2,89.79,53208
2025-10-07,UST2,89.56,184515
2025-10-08,UST2,89.79,10971
2025-10-09,UST2,90.04,173552
2025-10-10,UST2,90.24,16332
2025-10-13,UST2,90.02,269773
2025-10-14,UST2,90.06,159926
2025-10-15,UST2,89.93,157442
2025-10-16,UST2,89.96,237548
2025-10-17,UST2,89.84,224301
2025-10-20,UST2,90.06,11716
2025-10-21,UST2,89.71,193701
2025-10-22,UST2,89.65,295067
2025-10-23,UST2,89.67,144965
2025-10-24,UST2,89.48,126065
2025-10-27,UST2,89.81,190203
2025-10-28,UST2,90.25,178442
2025-10-29,UST2,90.64,270485
2025-10-30,UST2,90.96,117816
2025-10-31,UST2,91.12,299387
2025-11-03,UST2,90.85,263360
2025-11-04,UST2,90.93,46931
2025-11-05,UST2,90.89,285105
2025-11-06,UST2,91.03,219949
2025-11-07,UST2,91.0,273265
2025-11-10,UST2,90.69,95635
2025-11-11,UST2,90.64,110002
2025-11-12,UST2,90.69,156107
2025-11-13,UST2,90.63,152210
2025-11-14,UST2,90.19,130813
2025-11-17,UST2,90.77,240167
2025-11-18,UST2,90.82,228997
2025-11-19,UST2,90.91,217004
2025-11-20,UST2,91.14,110194
2025-11-21,UST2,91.16,31277
2025-11-24,UST2,90.8,91587
2025-11-25,UST2,90.75,240360
2025-11-26,UST2,90.58,139203
2025-11-27,UST2,90.22,258526
2025-11-28,UST2,90.52,81527
2025-12-01,UST2,90.45,146119
2025-12-02,UST2,90.42,150862
2025-12-03,UST2,90.19,47725
2025-12-04,UST2,90.04,234171
2025-12-05,UST2,89.8,72932
2025-12-08,UST2,89.7,184679
2025-12-09,UST2,89.69,101959
2025-12-10,UST2,89.83,188043
2025-12-11,UST2,90.16,156112
2025-12-12,UST2,90.09,11358
2025-12-15,UST2,90.24,46397
2025-12-16,UST2,90.23,142568
2025-12-17,UST2,90.51,186253
2025-12-18,UST2,90.54,125972
2025-12-19,UST2,90.59,209914
2025-12-22,UST2,91.03,132894
2025-12-23,UST2,91.25,188920
2025-12-24,UST2,91.48,64874
2025-12-25,UST2,91.29,18118
2025-12-26,UST2,91.72,240615
2025-12-29,UST2,91.8,203283
2025-12-30,UST2,91.62,262238
2025-12-31,UST2,91.85,95496
2026-01-01,UST2,91.64,28355
2026-01-02,UST2,92.04,197393
2026-01-05,UST2,92.08,98995
2026-01-06,UST2,92.29,60468
2026-01-07,UST2,92.46,290648
2026-01-08,UST2,92.59,151444
2026-01-09,UST2,92.69,103562
2026-01-12,UST2,92.61,81913
2026-01-13,UST2,92.87,230417
2026-01-14,UST2,93.29,87140
2026-01-15,UST2,93.24,130862
2026-01-16,UST2,93.14,114845
2026-01-19,UST2,93.18,189179
2026-01-20,UST2,93.0,298094
2026-01-21,UST2,92.82,265233
2026-01-22,UST2,93.0,135254
2026-01-23,UST2,92.95,119858
2026-01-26,UST2,93.13,235762
2026-01-27,UST2,93.0,133797
2026-01-28,UST2,92.61,148489
2026-01-29,UST2,92.68,137018
2026-01-30,UST2,93.17,165916
2026-02-02,UST2,93.09,79243
2026-02-03,UST2,93.12,191793
2026-02-04,UST2,93.39,84917
2026-02-05,UST2,92.8,262540
2026-02-06,UST2,92.96,154374
2026-02-09,UST2,93.17,190941
2026-02-10,UST2,93.44,68235
2026-02-11,UST2,93.58,218836
2026-02-12,UST2,92.99,209097
2026-02-13,UST2,92.91,36792
2026-02-16,UST2,92.7,266037
2026-02-17,UST2,92.32,37190
2026-02-18,UST2,92.86,227327
2026-02-19,UST2,92.85,291451
2026-02-20,UST2,92.84,179440
2026-02-23,UST2,92.8,262296
2026-02-24,UST2,93.06,244395
2026-02-25,UST2,93.01,51207
2026-02-26,UST2,93.05,243809
2026-02-27,UST2,93.21,123930
2026-03-02,UST2,93.56,71088
2026-03-03,UST2,93.38,112956
2026-03-04,UST2,92.69,275954
2026-03-05,UST2,92.8,128017
2026-03-06,UST2,93.15,283169
2026-03-09,UST2,93.75,64740
2026-03-10,UST2,93.89,289704
2026-03-11,UST2,93.92,18516
2026-03-12,UST2,93.62,167087
2026-03-13,UST2,93.7,35078
2026-03-16,UST2,93.72,265176
2026-03-17,UST2,93.65,151338
2026-03-18,UST2,93.61,219459
2026-03-19,UST2,93.95,160864
2026-03-20,UST2,93.97,185219
2026-03-23,UST2,93.8,170945
2026-03-24,UST2,93.77,135835
2026-03-25,UST2,93.81,244222
2026-03-26,UST2,93.56,101387
2026-03-27,UST2,93.56,50086
2026-03-30,UST2,93.76,243771
2026-03-31,UST2,93.7,152520
2026-04-01,UST2,94.05,248734
2026-04-02,UST2,94.44,191346
2026-04-03,UST2,94.7,157491
2026-04-06,UST2,94.84,90926
2026-04-07,UST2,95.15,54633
2026-04-08,UST2,95.28,95819
2026-04-09,UST2,95.59,141229
2026-04-10,UST2,96.22,287457
2026-04-13,UST2,96.58,255177
2026-04-14,UST2,96.9,203659
2026-04-15,UST2,97.39,114057
2026-04-16,UST2,97.67,274811
2026-04-17,UST2,97.31,21051
2026-04-20,UST2,96.73,212510
2026-04-21,UST2,96.56,93192
2026-04-22,UST2,96.45,118650
2026-04-23,UST2,96.62,103495
2026-04-24,UST2,96.62,294314
2026-04-27,UST2,96.72,231084
2026-04-28,UST2,96.71,206435
2026-04-29,UST2,96.96,235485
2026-04-30,UST2,97.03,129272
2026-05-01,UST2,96.98,60343
2026-05-04,UST2,96.98,270952
2026-05-05,UST2,96.9,104031
2026-05-06,UST2,97.14,229700
2026-05-07,UST2,96.61,176992
2026-05-08,UST2,96.47,62134
2026-05-11,UST2,96.79,132363
2026-05-12,UST2,96.81,279660
2026-05-13,UST2,96.93,78631
2026-05-14,UST2,97.24,228073
2026-05-15,UST2,97.49,142954
2026-05-18,UST2,97.25,52776
2026-05-19,UST2,97.1,262798
2026-05-20,UST2,97.34,165967
2026-05-21,UST2,97.48,290222
2026-05-22,UST2,97.7,217412
2026-05-25,UST2,97.89,271221
2026-05-26,UST2,97.91,268397
2026-05-27,UST2,98.34,168648
2026-05-28,UST2,98.51,48518
2026-05-29,UST2,98.37,198928
2026-06-01,UST2,98.27,40029
2026-06-02,UST2,98.54,197557
2026-06-03,UST2,98.76,52771
2026-06-04,UST2,99.02,163104
2026-06-05,UST2,98.91,291079
2026-06-08,UST2,99.04,155129
2026-06-09,UST2,99.33,246250
2026-06-10,UST2,99.34,207337
2026-06-11,UST2,99.1,110905
2026-06-12,UST2,99.26,74544
2026-06-15,UST2,99.25,125127
2026-06-16,UST2,99.47,252238
2026-06-17,UST2,99.74,193734
2026-06-18,UST2,99.7,135366
2026-06-19,UST2,99.78,59541
2026-06-22,UST2,100.01,249335
2026-06-23,UST2,100.16,233777
2026-06-24,UST2,100.24,100413
2026-06-25,UST2,100.38,287852
2026-06-26,UST2,100.57,47771
2026-06-29,UST2,100.72,236978
2026-06-30,UST2,100.39,256594
2026-07-01,UST2,100.91,160774
2026-07-02,UST2,100.82,91054
2026-07-03,UST2,100.79,29243
2026-07-06,UST2,101.03,135891
2026-07-07,UST2,101.02,259204
2026-07-08,UST2,100.93,22200
2026-07-09,UST2,100.64,245355
2026-07-10,UST2,100.87,121974
2026-07-13,UST2,100.38,220803
2026-07-14,UST2,100.49,169136
2026-07-15,UST2,100.63,113368
2026-07-16,UST2,100.82,159147
2026-07-17,UST2,101.05,187984
2026-07-20,UST2,100.57,196480
2026-07-21,UST2,100.88,242266
2026-07-22,UST2,101.13,201084
2026-07-23,UST2,101.06,110624
2026-07-24,UST2,101.3,268090
2026-07-27,UST2,101.3,40211
2026-07-28,UST2,101.65,18782
2026-07-29,UST2,101.14,102225
2026-07-30,UST2,101.54,229019
2026-07-31,UST2,101.52,262247
2026-08-03,UST2,101.71,284435
2026-08-04,UST2,101.35,153014
2026-08-05,UST2,100.57,10912
2026-08-06,UST2,100.65,270267
2026-08-07,UST2,100.52,105287
2026-08-10,UST2,100.39,128721
2026-08-11,UST2,99.98,290142
2026-08-12,UST2,99.77,148287
2026-08-13,UST2,99.9,61473
2026-08-14,UST2,100.11,29336
2026-08-17,UST2,100.91,207352
2026-08-18,UST2,100.94,256439
2026-08-19,UST2,100.56,186234
2026-08-20,UST2,100.57,181096
2026-08-21,UST2,100.39,19344
2026-08-24,UST2,99.86,196880
2026-08-25,UST2,99.97,177256
2026-08-26,UST2,100.62,169729
2026-08-27,UST2,101.16,254008
2026-08-28,UST2,101.36,280738
2026-08-31,UST2,101.46,14326
2026-09-01,UST2,101.58,166934
2026-09-02,UST2,101.55,105782
2026-09-03,UST2,101.91,298211
2026-09-04,UST2,102.04,162995
2026-09-07,UST2,102.06,184508
2026-09-08,UST2,102.24,127432
2026-09-09,UST2,101.84,289178
2026-09-10,UST2,101.6,112371
2026-09-11,UST2,101.48,286297
2026-09-14,UST2,101.29,187302
2026-09-15,UST2,101.34,89475
2026-09-16,UST2,101.03,296920
2026-09-17,UST2,101.43,14809
2026-09-18,UST2,101.5,231513
2026-09-21,UST2,101.74,231554
2026-09-22,UST2,101.12,97908
2026-09-23,UST2,101.21,280908
2026-09-24,UST2,101.18,137291
2026-09-25,UST2,100.54,83607
2026-09-28,UST2,100.41,71966
2026-09-29,UST2,100.78,249450
2026-09-30,UST2,100.59,258912
2025-09-30,IGCORP,91.08,260151
2025-10-01,IGCORP,90.35,218278
2025-10-02,IGCORP,90.13,46917
2025-10-03,IGCORP,90.27,40535
2025-10-06,IGCORP,90.15,192364
2025-10-07,IGCORP,90.08,101613
2025-10-08,IGCORP,90.72,152183
2025-10-09,IGCORP,90.8,133338
2025-10-10,IGCORP,90.11,178558
2025-10-13,IGCORP,90.28,191071
2025-10-14,IGCORP,90.24,192959
2025-10-15,IGCORP,90.14,135735
2025-10-16,IGCORP,90.63,211084
2025-10-17,IGCORP,90.82,292511
2025-10-20,IGCORP,90.62,248098
2025-10-21,IGCORP,90.73,90165
2025-10-22,IGCORP,91.03,263986
2025-10-23,IGCORP,90.76,173767
2025-10-24,IGCORP,91.06,46708
2025-10-27,IGCORP,91.02,123609
2025-10-28,IGCORP,90.96,139886
2025-10-29,IGCORP,91.05,132801
2025-10-30,IGCORP,90.87,204467
2025-10-31,IGCORP,90.7,293087
2025-11-03,IGCORP,90.83,16878
2025-11-04,IGCORP,91.09,186265
2025-11-05,IGCORP,91.59,23917
2025-11-06,IGCORP,91.53,179097
2025-11-07,IGCORP,90.98,137456
2025-11-10,IGCORP,90.95,178707
2025-11-11,IGCORP,91.13,264289
2025-11-12,IGCORP,91.72,265538
2025-11-13,IGCORP,91.91,130323
2025-11-14,IGCORP,91.94,78114
2025-11-17,IGCORP,92.01,206462
2025-11-18,IGCORP,92.06,183374
2025-11-19,IGCORP,92.32,40589
2025-11-20,IGCORP,92.44,41914
2025-11-21,IGCORP,93.15,120172
2025-11-24,IGCORP,93.1,42132
2025-11-25,IGCORP,93.23,48783
2025-11-26,IGCORP,93.36,125140
2025-11-27,IGCORP,93.05,142701
2025-11-28,IGCORP,92.78,33823
2025-12-01,IGCORP,92.51,55258
2025-12-02,IGCORP,92.15,297848
2025-12-03,IGCORP,92.08,176264
2025-12-04,IGCORP,92.22,47937
2025-12-05,IGCORP,91.99,189187
2025-12-08,IGCORP,91.59,74703
2025-12-09,IGCORP,91.31,188459
2025-12-10,IGCORP,91.62,15752
2025-12-11,IGCORP,91.82,36515
2025-12-12,IGCORP,91.91,39255
2025-12-15,IGCORP,92.49,74467
2025-12-16,IGCORP,92.68,250606
2025-12-17,IGCORP,93.16,173486
2025-12-18,IGCORP,93.35,205375
2025-12-19,IGCORP,93.43,287786
2025-12-22,IGCORP,93.75,244751
2025-12-23,IGCORP,93.55,76079
2025-12-24,IGCORP,93.69,196202
2025-12-25,IGCORP,93.47,173243
2025-12-26,IGCORP,92.88,43383
2025-12-29,IGCORP,92.77,20673
2025-12-30,IGCORP,93.02,93108
2025-12-31,IGCORP,92.82,177063
2026-01-01,IGCORP,92.82,222163
2026-01-02,IGCORP,92.35,99722
2026-01-05,IGCORP,92.5,178961
2026-01-06,IGCORP,92.1,215971
2026-01-07,IGCORP,92.44,93856
2026-01-08,IGCORP,92.69,195556
2026-01-09,IGCORP,92.53,169706
2026-01-12,IGCORP,92.41,129410
2026-01-13,IGCORP,92.24,166487
2026-01-14,IGCORP,92.02,59360
2026-01-15,IGCORP,92.38,221442
2026-01-16,IGCORP,92.15,139221
2026-01-19,IGCORP,92.28,174241
2026-01-20,IGCORP,92.29,23973
2026-01-21,IGCORP,92.04,100520
2026-01-22,IGCORP,92.06,240576
2026-01-23,IGCORP,91.39,180497
2026-01-26,IGCORP,91.09,216381
2026-01-27,IGCORP,91.21,170259
2026-01-28,IGCORP,91.31,261661
2026-01-29,IGCORP,91.29,16302
2026-01-30,IGCORP,91.92,171718
2026-02-02,IGCORP,91.74,66007
2026-02-03,IGCORP,91.35,59170
2026-02-04,IGCORP,91.17,286562
2026-02-05,IGCORP,90.93,223095
2026-02-06,IGCORP,91.26,213461
2026-02-09,IGCORP,90.79,19212
2026-02-10,IGCORP,90.16,73359
2026-02-11,IGCORP,89.76,115637
2026-02-12,IGCORP,89.24,55547
2026-02-13,IGCORP,88.95,71074
2026-02-16,IGCORP,89.09,224261
2026-02-17,IGCORP,89.11,38853
2026-02-18,IGCORP,89.02,35456
2026-02-19,IGCORP,88.99,299867
2026-02-20,IGCORP,88.82,298592
2026-02-23,IGCORP,89.16,289857
2026-02-24,IGCORP,89.27,294178
2026-02-25,IGCORP,89.68,280675
2026-02-26,IGCORP,89.6,295046
2026-02-27,IGCORP,89.66,200562
2026-03-02,IGCORP,89.86,249007
2026-03-03,IGCORP,89.9,250965
2026-03-04,IGCORP,89.67,195431
2026-03-05,IGCORP,89.73,249543
2026-03-06,IGCORP,89.47,167435
2026-03-09,IGCORP,89.9,145206
2026-03-10,IGCORP,89.97,78776
2026-03-11,IGCORP,89.79,155879
2026-03-12,IGCORP,90.06,211485
2026-03-13,IGCORP,89.54,241987
2026-03-16,IGCORP,89.69,198873
2026-03-17,IGCORP,89.56,52028
2026-03-18,IGCORP,89.49,66839
2026-03-19,IGCORP,89.43,106757
2026-03-20,IGCORP,89.12,30101
2026-03-23,IGCORP,89.52,251267
2026-03-24,IGCORP,89.16,187523
2026-03-25,IGCORP,89.51,297450
2026-03-26,IGCORP,89.96,80667
2026-03-27,IGCORP,89.97,240244
2026-03-30,IGCORP,89.85,131901
2026-03-31,IGCORP,89.87,41247
2026-04-01,IGCORP,89.97,162034
2026-04-02,IGCORP,89.97,16069
2026-04-03,IGCORP,90.07,164840
2026-04-06,IGCORP,89.98,82434
2026-04-07,IGCORP,89.78,35071
2026-04-08,IGCORP,89.51,286323
2026-04-09,IGCORP,89.99,270856
2026-04-10,IGCORP,90.56,142818
2026-04-13,IGCORP,90.79,271138
2026-04-14,IGCORP,91.14,79158
2026-04-15,IGCORP,91.01,136352
2026-04-16,IGCORP,90.77,272057
2026-04-17,IGCORP,90.99,144985
2026-04-20,IGCORP,90.92,146664
2026-04-21,IGCORP,90.76,108988
2026-04-22,IGCORP,90.56,96731
2026-04-23,IGCORP,90.42,252870
2026-04-24,IGCORP,90.12,243362
2026-04-27,IGCORP,90.22,186390
2026-04-28,IGCORP,90.45,17753
2026-04-29,IGCORP,90.22,120609
2026-04-30,IGCORP,90.07,86786
2026-05-01,IGCORP,90.11,52104
2026-05-04,IGCORP,89.99,71585
2026-05-05,IGCORP,89.95,125312
2026-05-06,IGCORP,89.53,35612
2026-05-07,IGCORP,89.32,144375
2026-05-08,IGCORP,89.43,32749
2026-05-11,IGCORP,89.31,285935
2026-05-12,IGCORP,89.89,23299
2026-05-13,IGCORP,90.04,261970
2026-05-14,IGCORP,89.96,18539
2026-05-15,IGCORP,89.86,297220
2026-05-18,IGCORP,89.6,115238
2026-05-19,IGCORP,89.3,67926
2026-05-20,IGCORP,89.72,277950
2026-05-21,IGCORP,89.61,78232
2026-05-22,IGCORP,89.76,142548
2026-05-25,IGCORP,89.39,259035
2026-05-26,IGCORP,89.56,290520
2026-05-27,IGCORP,89.41,219308
2026-05-28,IGCORP,89.87,271965
2026-05-29,IGCORP,89.69,211070
2026-06-01,IGCORP,89.77,154295
2026-06-02,IGCORP,90.04,117336
2026-06-03,IGCORP,89.87,268884
2026-06-04,IGCORP,90.07,289733
2026-06-05,IGCORP,90.02,94483
2026-06-08,IGCORP,90.02,40442
2026-06-09,IGCORP,89.78,119263
2026-06-10,IGCORP,89.5,275746
2026-06-11,IGCORP,89.6,275838
2026-06-12,IGCORP,89.56,274651
2026-06-15,IGCORP,89.95,153272
2026-06-16,IGCORP,89.77,33323
2026-06-17,IGCORP,89.6,131323
2026-06-18,IGCORP,89.71,242555
2026-06-19,IGCORP,89.82,155151
2026-06-22,IGCORP,89.75,269313
2026-06-23,IGCORP,90.05,13516
2026-06-24,IGCORP,90.22,132624
2026-06-25,IGCORP,90.56,222978
2026-06-26,IGCORP,90.3,210818
2026-06-29,IGCORP,90.6,39801
2026-06-30,IGCORP,90.26,153314
2026-07-01,IGCORP,89.96,11011
2026-07-02,IGCORP,90.18,84226
2026-07-03,IGCORP,90.23,171946
2026-07-06,IGCORP,90.01,169995
2026-07-07,IGCORP,90.47,15884
2026-07-08,IGCORP,90.39,201344
2026-07-09,IGCORP,90.8,95642
2026-07-10,IGCORP,90.95,130498
2026-07-13,IGCORP,91.03,41974
2026-07-14,IGCORP,91.41,270481
2026-07-15,IGCORP,91.62,284669
2026-07-16,IGCORP,92.18,60280
2026-07-17,IGCORP,92.23,97612
2026-07-20,IGCORP,92.57,237254
2026-07-21,IGCORP,92.95,148863
2026-07-22,IGCORP,92.8,230093
2026-07-23,IGCORP,92.81,281345
2026-07-24,IGCORP,92.83,261940
2026-07-27,IGCORP,92.9,248692
2026-07-28,IGCORP,93.18,227192
2026-07-29,IGCORP,93.66,199855
2026-07-30,IGCORP,93.71,253305
2026-07-31,IGCORP,93.72,63217
2026-08-03,IGCORP,93.05,207955
2026-08-04,IGCORP,93.09,281969
2026-08-05,IGCORP,93.01,259094
2026-08-06,IGCORP,92.85,27014
2026-08-07,IGCORP,92.81,206849
2026-08-10,IGCORP,92.49,282370
2026-08-11,IGCORP,92.82,24642
2026-08-12,IGCORP,92.46,40910
2026-08-13,IGCORP,92.58,49680
2026-08-14,IGCORP,92.95,194928
2026-08-17,IGCORP,92.87,140638
2026-08-18,IGCORP,93.01,289429
2026-08-19,IGCORP,93.03,54799
2026-08-20,IGCORP,93.05,253823
2026-08-21,IGCORP,92.96,205479
2026-08-24,IGCORP,92.78,160624
2026-08-25,IGCORP,92.99,177906
2026-08-26,IGCORP,93.16,81728
2026-08-27,IGCORP,93.19,222424
2026-08-28,IGCORP,93.29,31815
2026-08-31,IGCORP,93.05,34513
2026-09-01,IGCORP,93.02,80222
2026-09-02,IGCORP,92.58,254869
2026-09-03,IGCORP,92.95,215528
2026-09-04,IGCORP,92.59,175130
2026-09-07,IGCORP,92.44,296575
2026-09-08,IGCORP,92.17,67178
2026-09-09,IGCORP,92.21,43191
2026-09-10,IGCORP,92.31,238554
2026-09-11,IGCORP,92.08,185773
2026-09-14,IGCORP,92.37,194525
2026-09-15,IGCORP,92.54,200021
2026-09-16,IGCORP,92.71,253907
2026-09-17,IGCORP,92.52,84870
2026-09-18,IGCORP,92.12,241955
2026-09-21,IGCORP,91.92,204403
2026-09-22,IGCORP,91.7,58637
2026-09-23,IGCORP,92.08,42137
2026-09-24,IGCORP,92.11,45956
2026-09-25,IGCORP,92.61,260054
2026-09-28,IGCORP,92.79,145280
2026-09-29,IGCORP,92.72,222684
2026-09-30,IGCORP,92.79,299895
2025-09-30,HYBOND,65.51,89096
2025-10-01,HYBOND,65.73,140445
2025-10-02,HYBOND,66.14,64470
2025-10-03,HYBOND,65.92,19297
2025-10-06,HYBOND,65.95,144915
2025-10-07,HYBOND,65.9,138531
2025-10-08,HYBOND,65.9,193658
2025-10-09,HYBOND,65.93,293799
2025-10-10,HYBOND,66.07,266491
2025-10-13,HYBOND,66.23,222179
2025-10-14,HYBOND,66.38,261891
2025-10-15,HYBOND,65.98,117271
2025-10-16,HYBOND,66.22,54528
2025-10-17,HYBOND,66.37,177450
2025-10-20,HYBOND,66.29,225945
2025-10-21,HYBOND,66.59,70780
2025-10-22,HYBOND,66.8,264193
2025-10-23,HYBOND,66.97,116322
2025-10-24,HYBOND,66.97,84830
2025-10-27,HYBOND,67.03,123062
2025-10-28,HYBOND,67.0,255548
2025-10-29,HYBOND,66.77,255580
2025-10-30,HYBOND,66.95,132732
2025-10-31,HYBOND,67.08,85039
2025-11-03,HYBOND,67.1,249231
2025-11-04,HYBOND,67.17,24573
2025-11-05,HYBOND,67.33,212539
2025-11-06,HYBOND,67.36,297489
2025-11-07,HYBOND,67.82,87739
2025-11-10,HYBOND,67.38,219673
2025-11-11,HYBOND,67.73,164713
2025-11-12,HYBOND,68.21,112541
2025-11-13,HYBOND,68.26,133236
2025-11-14,HYBOND,68.41,173517
2025-11-17,HYBOND,68.51,194646
2025-11-18,HYBOND,68.23,51713
2025-11-19,HYBOND,68.39,28891
2025-11-20,HYBOND,68.5,12533
2025-11-21,HYBOND,68.56,275983
2025-11-24,HYBOND,68.56,126064
2025-11-25,HYBOND,68.24,231685
2025-11-26,HYBOND,68.46,90593
2025-11-27,HYBOND,68.77,255180
2025-11-28,HYBOND,68.63,91041
2025-12-01,HYBOND,67.92,67672
2025-12-02,HYBOND,67.8,131026
2025-12-03,HYBOND,67.65,53286
2025-12-04,HYBOND,67.49,135227
2025-12-05,HYBOND,67.47,90454
2025-12-08,HYBOND,67.73,236256
2025-12-09,HYBOND,68.02,118776
2025-12-10,HYBOND,68.04,225022
2025-12-11,HYBOND,68.03,167935
2025-12-12,HYBOND,68.28,176040
2025-12-15,HYBOND,67.93,221607
2025-12-16,HYBOND,67.79,264927
2025-12-17,HYBOND,67.66,25236
2025-12-18,HYBOND,67.92,225286
2025-12-19,HYBOND,67.97,184522
2025-12-22,HYBOND,67.78,255200
2025-12-23,HYBOND,67.51,107668
2025-12-24,HYBOND,67.26,178086
2025-12-25,HYBOND,67.07,160636
2025-12-26,HYBOND,67.48,202204
2025-12-29,HYBOND,67.77,246491
2025-12-30,HYBOND,67.53,156546
2025-12-31,HYBOND,67.72,179558
2026-01-01,HYBOND,67.74,260553
2026-01-02,HYBOND,68.2,36890
2026-01-05,HYBOND,68.22,53326
2026-01-06,HYBOND,68.03,267868
2026-01-07,HYBOND,67.88,130267
2026-01-08,HYBOND,68.12,32868
2026-01-09,HYBOND,68.21,172760
2026-01-12,HYBOND,68.28,264114
2026-01-13,HYBOND,68.31,267731
2026-01-14,HYBOND,68.36,274831
2026-01-15,HYBOND,68.26,44221
2026-01-16,HYBOND,68.3,241340
2026-01-19,HYBOND,68.33,63497
2026-01-20,HYBOND,68.63,283519
2026-01-21,HYBOND,68.55,143860
2026-01-22,HYBOND,68.54,40908
2026-01-23,HYBOND,68.25,208186
2026-01-26,HYBOND,68.14,52312
2026-01-27,HYBOND,68.15,53269
2026-01-28,HYBOND,67.97,93358
2026-01-29,HYBOND,67.78,138627
2026-01-30,HYBOND,67.46,48240
2026-02-02,HYBOND,67.77,271553
2026-02-03,HYBOND,67.76,95422
2026-02-04,HYBOND,67.62,23084
2026-02-05,HYBOND,67.38,87315
2026-02-06,HYBOND,67.33,282603
2026-02-09,HYBOND,67.17,277854
2026-02-10,HYBOND,67.07,108202
2026-02-11,HYBOND,67.2,233034
2026-02-12,HYBOND,66.91,236609
2026-02-13,HYBOND,67.05,156993
2026-02-16,HYBOND,66.93,241936
2026-02-17,HYBOND,67.02,115018
2026-02-18,HYBOND,67.04,61178
2026-02-19,HYBOND,66.89,125849
2026-02-20,HYBOND,66.82,222547
2026-02-23,HYBOND,67.21,215344
2026-02-24,HYBOND,67.01,275099
2026-02-25,HYBOND,67.13,133325
2026-02-26,HYBOND,66.67,259023
2026-02-27,HYBOND,66.89,150392
2026-03-02,HYBOND,67.04,123706
2026-03-03,HYBOND,67.1,169131
2026-03-04,HYBOND,67.36,130307
2026-03-05,HYBOND,67.21,249797
2026-03-06,HYBOND,67.78,94880
2026-03-09,HYBOND,67.73,121359
2026-03-10,HYBOND,67.43,191894
2026-03-11,HYBOND,67.61,164046
2026-03-12,HYBOND,67.42,142743
2026-03-13,HYBOND,67.37,280990
2026-03-16,HYBOND,67.3,147919
2026-03-17,HYBOND,67.47,286148
2026-03-18,HYBOND,67.82,287309
2026-03-19,HYBOND,67.9,240205
2026-03-20,HYBOND,68.4,82129
2026-03-23,HYBOND,68.64,284916
2026-03-24,HYBOND,68.85,103760
2026-03-25,HYBOND,68.72,39271
2026-03-26,HYBOND,68.73,114332
2026-03-27,HYBOND,68.81,150943
2026-03-30,HYBOND,69.22,52383
2026-03-31,HYBOND,69.39,89460
2026-04-01,HYBOND,69.38,149733
2026-04-02,HYBOND,69.49,189982
2026-04-03,HYBOND,69.45,293038
2026-04-06,HYBOND,69.8,248939
2026-04-07,HYBOND,69.94,289141
2026-04-08,HYBOND,69.91,101236
2026-04-09,HYBOND,69.85,131416
2026-04-10,HYBOND,69.98,49817
2026-04-13,HYBOND,69.93,82697
2026-04-14,HYBOND,69.98,172608
2026-04-15,HYBOND,70.08,181861
2026-04-16,HYBOND,70.14,203345
2026-04-17,HYBOND,70.41,12500
2026-04-20,HYBOND,70.61,285704
2026-04-21,HYBOND,70.58,10812
2026-04-22,HYBOND,70.5,272938
2026-04-23,HYBOND,70.52,253673
2026-04-24,HYBOND,70.78,23169
2026-04-27,HYBOND,71.13,172360
2026-04-28,HYBOND,71.03,158022
2026-04-29,HYBOND,71.38,186790
2026-04-30,HYBOND,71.2,51861
2026-05-01,HYBOND,71.27,71195
2026-05-04,HYBOND,71.13,68282
2026-05-05,HYBOND,71.34,246488
2026-05-06,HYBOND,71.47,278786
2026-05-07,HYBOND,71.28,116804
2026-05-08,HYBOND,70.99,34375
2026-05-11,HYBOND,71.16,267635
2026-05-12,HYBOND,70.93,271811
2026-05-13,HYBOND,70.63,151648
2026-05-14,HYBOND,70.84,226431
2026-05-15,HYBOND,70.99,99829
2026-05-18,HYBOND,70.85,261845
2026-05-19,HYBOND,70.84,14145
2026-05-20,HYBOND,70.74,272001
2026-05-21,HYBOND,71.03,108653
2026-05-22,HYBOND,70.93,234297
2026-05-25,HYBOND,70.91,216759
2026-05-26,HYBOND,70.6,130881
2026-05-27,HYBOND,71.02,18720
2026-05-28,HYBOND,70.55,42610
2026-05-29,HYBOND,70.72,232119
2026-06-01,HYBOND,71.17,208834
2026-06-02,HYBOND,71.56,65063
2026-06-03,HYBOND,71.67,254901
2026-06-04,HYBOND,71.68,297292
2026-06-05,HYBOND,71.86,166295
2026-06-08,HYBOND,71.85,165429
2026-06-09,HYBOND,71.73,261679
2026-06-10,HYBOND,71.57,242158
2026-06-11,HYBOND,71.74,262028
2026-06-12,HYBOND,71.88,198857
2026-06-15,HYBOND,71.93,168226
2026-06-16,HYBOND,71.63,47471
2026-06-17,HYBOND,71.65,17500
2026-06-18,HYBOND,71.59,61351
2026-06-19,HYBOND,71.74,130242
2026-06-22,HYBOND,72.11,111520
2026-06-23,HYBOND,71.87,176744
2026-06-24,HYBOND,71.7,48614
2026-06-25,HYBOND,71.72,207595
2026-06-26,HYBOND,72.09,43905
2026-06-29,HYBOND,72.61,106870
2026-06-30,HYBOND,72.68,121033
2026-07-01,HYBOND,72.58,44281
2026-07-02,HYBOND,72.8,78233
2026-07-03,HYBOND,73.06,238859
2026-07-06,HYBOND,73.08,80979
2026-07-07,HYBOND,72.81,153483
2026-07-08,HYBOND,72.96,125431
2026-07-09,HYBOND,72.79,290115
2026-07-10,HYBOND,73.08,37568
2026-07-13,HYBOND,73.34,219591
2026-07-14,HYBOND,73.29,229420
2026-07-15,HYBOND,73.01,15837
2026-07-16,HYBOND,73.3,14683
2026-07-17,HYBOND,73.12,76852
2026-07-20,HYBOND,73.17,10524
2026-07-21,HYBOND,73.17,176684
2026-07-22,HYBOND,73.57,170098
2026-07-23,HYBOND,73.43,168614
2026-07-24,HYBOND,73.39,123477
2026-07-27,HYBOND,73.45,20162
2026-07-28,HYBOND,73.23,144682
2026-07-29,HYBOND,73.28,203482
2026-07-30,HYBOND,73.38,62278
2026-07-31,HYBOND,73.51,192080
2026-08-03,HYBOND,73.79,275785
2026-08-04,HYBOND,73.51,274966
2026-08-05,HYBOND,73.17,105534
2026-08-06,HYBOND,73.28,228863
2026-08-07,HYBOND,73.21,176658
2026-08-10,HYBOND,72.9,142072
2026-08-11,HYBOND,73.07,143902
2026-08-12,HYBOND,73.2,242142
2026-08-13,HYBOND,73.55,240353
2026-08-14,HYBOND,73.86,60684
2026-08-17,HYBOND,74.22,114293
2026-08-18,HYBOND,74.24,287507
2026-08-19,HYBOND,74.25,63063
2026-08-20,HYBOND,74.39,123964
2026-08-21,HYBOND,74.17,277356
2026-08-24,HYBOND,73.93,245717
2026-08-25,HYBOND,73.59,138452
2026-08-26,HYBOND,73.66,246999
2026-08-27,HYBOND,73.44,42172
2026-08-28,HYBOND,73.27,194935
2026-08-31,HYBOND,73.44,58590
2026-09-01,HYBOND,73.64,43151
2026-09-02,HYBOND,73.94,91783
2026-09-03,HYBOND,73.85,288858
2026-09-04,HYBOND,73.72,99991
2026-09-07,HYBOND,74.07,271381
2026-09-08,HYBOND,73.81,157754
2026-09-09,HYBOND,73.77,18405
2026-09-10,HYBOND,74.04,196215
2026-09-11,HYBOND,74.27,223267
2026-09-14,HYBOND,74.16,31453
2026-09-15,HYBOND,74.38,246438
2026-09-16,HYBOND,74.46,120348
2026-09-17,HYBOND,74.57,237555
2026-09-18,HYBOND,74.24,177627
2026-09-21,HYBOND,74.46,141880
2026-09-22,HYBOND,74.71,206549
2026-09-23,HYBOND,74.61,166282
2026-09-24,HYBOND,74.51,148175
2026-09-25,HYBOND,74.36,181259
2026-09-28,HYBOND,74.29,83598
2026-09-29,HYBOND,74.57,229632
2026-09-30,HYBOND,74.52,117160
2025-09-30,GOLD,212.9,234526
2025-10-01,GOLD,211.69,37109
2025-10-02,GOLD,212.08,189290
2025-10-03,GOLD,210.87,141503
2025-10-06,GOLD,210.74,152249
2025-10-07,GOLD,210.8,99219
2025-10-08,GOLD,213.13,158287
2025-10-09,GOLD,212.22,249697
2025-10-10,GOLD,211.18,21604
2025-10-13,GOLD,208.81,27959
2025-10-14,GOLD,207.74,175304
2025-10-15,GOLD,202.83,20076
2025-10-16,GOLD,200.64,127944
2025-10-17,GOLD,200.22,224775
2025-10-20,GOLD,200.1,39446
2025-10-21,GOLD,200.52,141867
2025-10-22,GOLD,197.99,15338
2025-10-23,GOLD,195.99,123104
2025-10-24,GOLD,194.02,213352
2025-10-27,GOLD,192.62,256769
2025-10-28,GOLD,192.34,250338
2025-10-29,GOLD,193.01,154608
2025-10-30,GOLD,192.25,211119
2025-10-31,GOLD,194.88,45067
2025-11-03,GOLD,192.29,92681
2025-11-04,GOLD,193.37,92765
2025-11-05,GOLD,195.26,257047
2025-11-06,GOLD,197.97,243946
2025-11-07,GOLD,201.4,174246
2025-11-10,GOLD,203.55,155309
2025-11-11,GOLD,200.16,235884
2025-11-12,GOLD,198.41,56458
2025-11-13,GOLD,198.82,99683
2025-11-14,GOLD,196.01,160520
2025-11-17,GOLD,196.93,84789
2025-11-18,GOLD,195.4,148304
2025-11-19,GOLD,192.91,51020
2025-11-20,GOLD,192.91,195812
2025-11-21,GOLD,192.26,245601
2025-11-24,GOLD,191.19,83213
2025-11-25,GOLD,190.62,224260
2025-11-26,GOLD,190.43,245874
2025-11-27,GOLD,190.98,254201
2025-11-28,GOLD,190.12,267966
2025-12-01,GOLD,191.74,153369
2025-12-02,GOLD,189.42,106527
2025-12-03,GOLD,191.14,243377
2025-12-04,GOLD,188.73,181347
2025-12-05,GOLD,189.72,72660
2025-12-08,GOLD,187.74,290152
2025-12-09,GOLD,186.1,18825
2025-12-10,GOLD,183.43,133980
2025-12-11,GOLD,183.41,19658
2025-12-12,GOLD,180.91,201788
2025-12-15,GOLD,183.41,13037
2025-12-16,GOLD,183.46,213406
2025-12-17,GOLD,182.89,22162
2025-12-18,GOLD,181.85,46559
2025-12-19,GOLD,181.44,178643
2025-12-22,GOLD,179.88,81783
2025-12-23,GOLD,180.69,218947
2025-12-24,GOLD,183.61,177149
2025-12-25,GOLD,185.6,75253
2025-12-26,GOLD,184.04,219513
2025-12-29,GOLD,181.53,265910
2025-12-30,GOLD,179.68,290947
2025-12-31,GOLD,182.42,214583
2026-01-01,GOLD,183.57,205735
2026-01-02,GOLD,182.37,208107
2026-01-05,GOLD,182.95,50968
2026-01-06,GOLD,183.85,242975
2026-01-07,GOLD,188.36,46073
2026-01-08,GOLD,191.15,99199
2026-01-09,GOLD,192.3,167276
2026-01-12,GOLD,194.67,62618
2026-01-13,GOLD,193.86,191014
2026-01-14,GOLD,192.12,203957
2026-01-15,GOLD,193.2,295448
2026-01-16,GOLD,193.5,177804
2026-01-19,GOLD,192.42,195201
2026-01-20,GOLD,190.29,55809
2026-01-21,GOLD,188.85,251951
2026-01-22,GOLD,189.11,205770
2026-01-23,GOLD,188.38,53802
2026-01-26,GOLD,188.93,164637
2026-01-27,GOLD,188.77,156990
2026-01-28,GOLD,191.28,290525
2026-01-29,GOLD,190.42,296969
2026-01-30,GOLD,187.87,92428
2026-02-02,GOLD,186.1,71697
2026-02-03,GOLD,187.2,99617
2026-02-04,GOLD,189.91,296704
2026-02-05,GOLD,192.93,156738
2026-02-06,GOLD,195.77,183509
2026-02-09,GOLD,200.7,31045
2026-02-10,GOLD,203.48,282049
2026-02-11,GOLD,201.18,259059
2026-02-12,GOLD,199.4,264266
2026-02-13,GOLD,195.89,127765
2026-02-16,GOLD,198.14,256071
2026-02-17,GOLD,195.4,201708
2026-02-18,GOLD,194.65,137481
2026-02-19,GOLD,197.89,113684
2026-02-20,GOLD,197.6,113980
2026-02-23,GOLD,197.92,94856
2026-02-24,GOLD,195.34,226069
2026-02-25,GOLD,196.04,38973
2026-02-26,GOLD,194.11,184615
2026-02-27,GOLD,192.54,227782
2026-03-02,GOLD,193.57,163674
2026-03-03,GOLD,198.08,35276
2026-03-04,GOLD,199.05,71141
2026-03-05,GOLD,202.51,116440
2026-03-06,GOLD,204.39,104685
2026-03-09,GOLD,203.3,84255
2026-03-10,GOLD,205.44,28350
2026-03-11,GOLD,200.42,224261
2026-03-12,GOLD,202.22,295282
2026-03-13,GOLD,204.42,201742
2026-03-16,GOLD,202.05,95458
2026-03-17,GOLD,200.78,160776
2026-03-18,GOLD,197.94,84229
2026-03-19,GOLD,198.69,136551
2026-03-20,GOLD,194.66,113813
2026-03-23,GOLD,195.51,289900
2026-03-24,GOLD,195.45,77814
2026-03-25,GOLD,196.06,287460
2026-03-26,GOLD,197.85,104175
2026-03-27,GOLD,197.86,192779
2026-03-30,GOLD,196.27,210685
2026-03-31,GOLD,194.81,69665
2026-04-01,GOLD,194.29,92659
2026-04-02,GOLD,196.91,130773
2026-04-03,GOLD,198.67,189235
2026-04-06,GOLD,194.91,51349
2026-04-07,GOLD,196.23,56104
2026-04-08,GOLD,197.03,220902
2026-04-09,GOLD,198.83,287820
2026-04-10,GOLD,201.31,208095
2026-04-13,GOLD,202.38,41508
2026-04-14,GOLD,202.83,188159
2026-04-15,GOLD,201.14,96603
2026-04-16,GOLD,201.2,220841
2026-04-17,GOLD,201.84,222180
2026-04-20,GOLD,198.61,228470
2026-04-21,GOLD,199.18,25025
2026-04-22,GOLD,201.04,42726
2026-04-23,GOLD,201.69,82502
2026-04-24,GOLD,202.36,189370
2026-04-27,GOLD,201.73,157172
2026-04-28,GOLD,200.92,113597
2026-04-29,GOLD,199.74,298029
2026-04-30,GOLD,199.16,255700
2026-05-01,GOLD,200.4,52778
2026-05-04,GOLD,200.72,174793
2026-05-05,GOLD,196.86,225000
2026-05-06,GOLD,194.94,268639
2026-05-07,GOLD,190.43,148360
2026-05-08,GOLD,192.73,297247
2026-05-11,GOLD,193.62,51602
2026-05-12,GOLD,194.87,295736
2026-05-13,GOLD,189.58,141510
2026-05-14,GOLD,188.04,230718
2026-05-15,GOLD,191.24,111799
2026-05-18,GOLD,191.64,17561
2026-05-19,GOLD,188.83,33286
2026-05-20,GOLD,191.0,57802
2026-05-21,GOLD,187.08,163800
2026-05-22,GOLD,189.18,193938
2026-05-25,GOLD,189.64,140426
2026-05-26,GOLD,189.89,257384
2026-05-27,GOLD,190.77,289299
2026-05-28,GOLD,189.65,52395
2026-05-29,GOLD,189.67,210532
2026-06-01,GOLD,191.72,166419
2026-06-02,GOLD,189.51,69815
2026-06-03,GOLD,185.86,152892
2026-06-04,GOLD,185.27,186557
2026-06-05,GOLD,186.57,111082
2026-06-08,GOLD,184.85,11035
2026-06-09,GOLD,182.75,112194
2026-06-10,GOLD,182.2,165085
2026-06-11,GOLD,182.78,290296
2026-06-12,GOLD,181.28,63296
2026-06-15,GOLD,179.33,107777
2026-06-16,GOLD,180.5,104225
2026-06-17,GOLD,179.17,125941
2026-06-18,GOLD,180.27,10044
2026-06-19,GOLD,180.2,239105
2026-06-22,GOLD,177.38,201534
2026-06-23,GOLD,177.94,53986
2026-06-24,GOLD,175.81,154863
2026-06-25,GOLD,176.76,237674
2026-06-26,GOLD,177.12,85684
2026-06-29,GOLD,177.87,282192
2026-06-30,GOLD,176.35,224603
2026-07-01,GOLD,174.11,41191
2026-07-02,GOLD,178.08,288141
2026-07-03,GOLD,176.98,115613
2026-07-06,GOLD,175.04,66426
2026-07-07,GOLD,176.69,282128
2026-07-08,GOLD,177.28,285479
2026-07-09,GOLD,176.88,161775
2026-07-10,GOLD,177.58,217386
2026-07-13,GOLD,178.82,189936
2026-07-14,GOLD,178.02,265882
2026-07-15,GOLD,175.64,96356
2026-07-16,GOLD,174.61,274756
2026-07-17,GOLD,176.16,280322
2026-07-20,GOLD,178.5,60216
2026-07-21,GOLD,178.1,68999
2026-07-22,GOLD,181.06,145020
2026-07-23,GOLD,184.65,220793
2026-07-24,GOLD,184.05,292560
2026-07-27,GOLD,180.98,210546
2026-07-28,GOLD,183.0,172976
2026-07-29,GOLD,184.48,240587
2026-07-30,GOLD,187.23,172609
2026-07-31,GOLD,187.2,208923
2026-08-03,GOLD,189.02,100119
2026-08-04,GOLD,191.32,91793
2026-08-05,GOLD,191.69,73085
2026-08-06,GOLD,190.31,155044
2026-08-07,GOLD,189.18,258260
2026-08-10,GOLD,186.95,104759
2026-08-11,GOLD,188.14,127738
2026-08-12,GOLD,191.5,297409
2026-08-13,GOLD,190.39,256624
2026-08-14,GOLD,190.83,125024
2026-08-17,GOLD,189.2,70174
2026-08-18,GOLD,187.46,47953
2026-08-19,GOLD,185.94,242294
2026-08-20,GOLD,188.4,95522
2026-08-21,GOLD,189.77,255096
2026-08-24,GOLD,188.26,253416
2026-08-25,GOLD,191.01,100212
2026-08-26,GOLD,190.4,69105
2026-08-27,GOLD,190.85,271004
2026-08-28,GOLD,193.37,41679
2026-08-31,GOLD,196.4,40992
2026-09-01,GOLD,195.87,129230
2026-09-02,GOLD,193.29,60994
2026-09-03,GOLD,193.68,288971
2026-09-04,GOLD,193.83,272900
2026-09-07,GOLD,192.86,111210
2026-09-08,GOLD,192.03,264419
2026-09-09,GOLD,189.61,250451
2026-09-10,GOLD,189.58,80717
2026-09-11,GOLD,191.3,97939
2026-09-14,GOLD,192.67,124875
2026-09-15,GOLD,190.38,108680
2026-09-16,GOLD,190.99,212431
2026-09-17,GOLD,192.01,216973
2026-09-18,GOLD,192.14,19540
2026-09-21,GOLD,189.22,59033
2026-09-22,GOLD,193.52,86932
2026-09-23,GOLD,192.89,214806
2026-09-24,GOLD,193.67,84503
2026-09-25,GOLD,194.92,68455
2026-09-28,GOLD,194.66,264582
2026-09-29,GOLD,196.33,240609
2026-09-30,GOLD,196.36,298775
2025-09-30,REIT,77.46,28718
2025-10-01,REIT,77.21,154289
2025-10-02,REIT,76.37,130576
2025-10-03,REIT,76.67,148432
2025-10-06,REIT,77.78,157585
2025-10-07,REIT,79.09,106700
2025-10-08,REIT,79.19,56469
2025-10-09,REIT,78.15,119040
2025-10-10,REIT,78.27,99975
2025-10-13,REIT,76.36,238235
2025-10-14,REIT,76.69,203397
2025-10-15,REIT,76.1,159087
2025-10-16,REIT,75.57,184851
2025-10-17,REIT,75.18,112548
2025-10-20,REIT,77.01,105611
2025-10-21,REIT,77.11,165310
2025-10-22,REIT,76.96,188921
2025-10-23,REIT,76.71,106428
2025-10-24,REIT,76.5,179108
2025-10-27,REIT,76.0,45197
2025-10-28,REIT,76.08,29782
2025-10-29,REIT,76.16,10840
2025-10-30,REIT,74.76,199912
2025-10-31,REIT,73.68,79329
2025-11-03,REIT,72.01,227577
2025-11-04,REIT,71.74,239859
2025-11-05,REIT,71.67,119587
2025-11-06,REIT,70.84,113581
2025-11-07,REIT,70.95,286850
2025-11-10,REIT,71.43,284465
2025-11-11,REIT,72.23,155919
2025-11-12,REIT,71.71,145994
2025-11-13,REIT,71.25,24080
2025-11-14,REIT,71.61,217228
2025-11-17,REIT,72.26,274012
2025-11-18,REIT,73.02,208443
2025-11-19,REIT,74.24,157756
2025-11-20,REIT,74.71,210023
2025-11-21,REIT,74.77,240448
2025-11-24,REIT,74.52,199764
2025-11-25,REIT,74.42,236416
2025-11-26,REIT,74.46,168789
2025-11-27,REIT,74.38,282231
2025-11-28,REIT,75.1,200844
2025-12-01,REIT,76.46,109396
2025-12-02,REIT,74.9,95210
2025-12-03,REIT,75.81,73436
2025-12-04,REIT,76.98,150414
2025-12-05,REIT,76.57,63792
2025-12-08,REIT,75.42,83686
2025-12-09,REIT,75.6,125882
2025-12-10,REIT,75.32,66996
2025-12-11,REIT,73.32,69782
2025-12-12,REIT,73.44,170250
2025-12-15,REIT,73.73,32066
2025-12-16,REIT,72.63,139982
2025-12-17,REIT,73.68,73831
2025-12-18,REIT,72.42,105311
2025-12-19,REIT,71.4,81060
2025-12-22,REIT,71.1,54168
2025-12-23,REIT,70.04,91002
2025-12-24,REIT,69.4,22286
2025-12-25,REIT,71.46,197706
2025-12-26,REIT,69.49,83571
2025-12-29,REIT,68.98,65709
2025-12-30,REIT,68.41,96537
2025-12-31,REIT,69.66,145495
2026-01-01,REIT,68.34,114505
2026-01-02,REIT,67.19,137625
2026-01-05,REIT,67.32,271421
2026-01-06,REIT,69.45,11071
2026-01-07,REIT,70.21,13534
2026-01-08,REIT,70.17,57725
2026-01-09,REIT,70.6,151818
2026-01-12,REIT,70.81,61144
2026-01-13,REIT,69.62,205193
2026-01-14,REIT,70.12,143222
2026-01-15,REIT,69.14,260696
2026-01-16,REIT,69.11,194618
2026-01-19,REIT,68.71,70084
2026-01-20,REIT,67.96,283506
2026-01-21,REIT,69.54,39435
2026-01-22,REIT,71.42,227223
2026-01-23,REIT,72.27,166853
2026-01-26,REIT,73.46,108784
2026-01-27,REIT,72.75,257181
2026-01-28,REIT,71.48,191918
2026-01-29,REIT,70.2,41393
2026-01-30,REIT,70.33,207380
2026-02-02,REIT,70.19,24321
2026-02-03,REIT,71.08,83231
2026-02-04,REIT,72.82,269840
2026-02-05,REIT,73.29,236963
2026-02-06,REIT,73.07,29299
2026-02-09,REIT,73.11,74949
2026-02-10,REIT,73.93,114024
2026-02-11,REIT,73.67,12205
2026-02-12,REIT,74.89,105672
2026-02-13,REIT,75.01,66101
2026-02-16,REIT,73.29,253633
2026-02-17,REIT,74.23,236213
2026-02-18,REIT,74.26,181054
2026-02-19,REIT,74.15,131162
2026-02-20,REIT,76.16,201963
2026-02-23,REIT,75.14,103061
2026-02-24,REIT,76.01,68930
2026-02-25,REIT,75.12,248970
2026-02-26,REIT,74.82,76219
2026-02-27,REIT,74.29,117890
2026-03-02,REIT,74.53,23820
2026-03-03,REIT,74.63,136449
2026-03-04,REIT,73.73,69586
2026-03-05,REIT,72.68,181628
2026-03-06,REIT,72.22,136951
2026-03-09,REIT,72.49,264758
2026-03-10,REIT,71.31,270035
2026-03-11,REIT,73.0,26878
2026-03-12,REIT,73.84,209908
2026-03-13,REIT,74.21,208356
2026-03-16,REIT,73.42,135204
2026-03-17,REIT,72.91,196694
2026-03-18,REIT,72.75,125701
2026-03-19,REIT,72.8,102178
2026-03-20,REIT,71.1,248218
2026-03-23,REIT,72.82,71339
2026-03-24,REIT,71.37,291153
2026-03-25,REIT,69.76,31748
2026-03-26,REIT,70.46,138318
2026-03-27,REIT,69.88,179549
2026-03-30,REIT,69.77,160431
2026-03-31,REIT,71.12,97149
2026-04-01,REIT,70.92,247862
2026-04-02,REIT,72.53,201893
2026-04-03,REIT,71.81,124000
2026-04-06,REIT,71.85,190353
2026-04-07,REIT,71.91,129472
2026-04-08,REIT,72.71,105027
2026-04-09,REIT,73.1,134969
2026-04-10,REIT,73.56,35634
2026-04-13,REIT,73.96,15114
2026-04-14,REIT,74.49,134433
2026-04-15,REIT,74.64,184831
2026-04-16,REIT,74.64,97582
2026-04-17,REIT,74.48,221841
2026-04-20,REIT,74.25,161773
2026-04-21,REIT,72.84,92271
2026-04-22,REIT,71.71,159910
2026-04-23,REIT,71.78,119205
2026-04-24,REIT,71.56,198441
2026-04-27,REIT,71.73,275443
2026-04-28,REIT,71.74,45820
2026-04-29,REIT,70.46,137552
2026-04-30,REIT,69.13,13167
2026-05-01,REIT,67.97,188123
2026-05-04,REIT,67.29,120852
2026-05-05,REIT,67.0,169507
2026-05-06,REIT,66.24,243508
2026-05-07,REIT,68.85,53332
2026-05-08,REIT,69.77,152678
2026-05-11,REIT,69.84,289228
2026-05-12,REIT,69.18,161954
2026-05-13,REIT,68.94,128952
2026-05-14,REIT,68.49,202255
2026-05-15,REIT,69.43,39037
2026-05-18,REIT,68.58,60499
2026-05-19,REIT,68.91,200226
2026-05-20,REIT,69.43,284454
2026-05-21,REIT,69.38,292680
2026-05-22,REIT,69.93,271428
2026-05-25,REIT,71.14,139541
2026-05-26,REIT,72.76,264225
2026-05-27,REIT,71.68,240960
2026-05-28,REIT,72.2,21557
2026-05-29,REIT,72.68,97128
2026-06-01,REIT,73.98,176896
2026-06-02,REIT,73.78,279542
2026-06-03,REIT,73.63,128757
2026-06-04,REIT,71.63,251580
2026-06-05,REIT,71.89,229888
2026-06-08,REIT,71.94,78209
2026-06-09,REIT,72.25,61326
2026-06-10,REIT,72.36,247685
2026-06-11,REIT,71.84,221469
2026-06-12,REIT,71.71,210098
2026-06-15,REIT,72.36,49428
2026-06-16,REIT,71.73,279536
2026-06-17,REIT,71.88,60227
2026-06-18,REIT,71.38,37605
2026-06-19,REIT,71.73,39649
2026-06-22,REIT,72.3,42279
2026-06-23,REIT,71.0,247245
2026-06-24,REIT,70.68,167838
2026-06-25,REIT,71.47,286202
2026-06-26,REIT,72.87,259375
2026-06-29,REIT,72.37,90477
2026-06-30,REIT,71.9,213925
2026-07-01,REIT,70.26,86776
2026-07-02,REIT,71.64,211141
2026-07-03,REIT,72.03,235516
2026-07-06,REIT,71.88,233199
2026-07-07,REIT,73.11,206622
2026-07-08,REIT,72.89,220731
2026-07-09,REIT,71.53,122289
2026-07-10,REIT,71.24,242380
2026-07-13,REIT,71.79,125091
2026-07-14,REIT,71.87,77670
2026-07-15,REIT,73.32,33961
2026-07-16,REIT,76.02,153936
2026-07-17,REIT,75.02,257330
2026-07-20,REIT,75.72,49014
2026-07-21,REIT,76.29,151667
2026-07-22,REIT,76.37,178176
2026-07-23,REIT,76.88,99651
2026-07-24,REIT,78.19,293451
2026-07-27,REIT,78.44,107202
2026-07-28,REIT,76.21,136726
2026-07-29,REIT,77.19,225745
2026-07-30,REIT,76.45,159692
2026-07-31,REIT,77.25,276275
2026-08-03,REIT,77.06,178317
2026-08-04,REIT,75.8,145713
2026-08-05,REIT,76.55,21931
2026-08-06,REIT,76.99,278188
2026-08-07,REIT,76.53,202459
2026-08-10,REIT,76.23,53893
2026-08-11,REIT,76.5,118632
2026-08-12,REIT,76.83,296220
2026-08-13,REIT,76.2,19460
2026-08-14,REIT,75.57,109318
2026-08-17,REIT,75.99,34180
2026-08-18,REIT,74.62,118977
2026-08-19,REIT,74.39,58800
2026-08-20,REIT,74.52,77065
2026-08-21,REIT,73.92,129609
2026-08-24,REIT,74.63,269235
2026-08-25,REIT,73.65,187537
2026-08-26,REIT,75.1,212445
2026-08-27,REIT,74.4,54795
2026-08-28,REIT,74.63,211684
2026-08-31,REIT,75.22,172477
2026-09-01,REIT,76.27,189929
2026-09-02,REIT,75.21,298955
2026-09-03,REIT,75.25,154222
2026-09-04,REIT,75.32,81083
2026-09-07,REIT,77.6,40471
2026-09-08,REIT,78.19,97035
2026-09-09,REIT,76.81,141206
2026-09-10,REIT,77.45,151205
2026-09-11,REIT,77.44,171268
2026-09-14,REIT,78.59,228187
2026-09-15,REIT,78.47,160263
2026-09-16,REIT,78.39,92478
2026-09-17,REIT,77.64,179766
2026-09-18,REIT,78.76,229719
2026-09-21,REIT,78.87,152837
2026-09-22,REIT,79.67,191215
2026-09-23,REIT,79.27,247668
2026-09-24,REIT,78.87,154134
2026-09-25,REIT,79.09,89411
2026-09-28,REIT,78.4,26973
2026-09-29,REIT,77.49,131687
2026-09-30,REIT,76.72,255708
2025-09-30,EMEQ,40.12,1480306
2025-10-01,EMEQ,40.45,699555
2025-10-02,EMEQ,41.56,2005583
2025-10-03,EMEQ,40.34,552772
2025-10-06,EMEQ,40.2,1048159
2025-10-07,EMEQ,40.19,907969
2025-10-08,EMEQ,39.97,1687438
2025-10-09,EMEQ,39.23,1747911
2025-10-10,EMEQ,40.0,677892
2025-10-13,EMEQ,39.12,1502234
2025-10-14,EMEQ,39.33,1649973
2025-10-15,EMEQ,38.37,867343
2025-10-16,EMEQ,37.72,1037442
2025-10-17,EMEQ,37.29,1166296
2025-10-20,EMEQ,37.66,523907
2025-10-21,EMEQ,37.71,525447
2025-10-22,EMEQ,37.42,2240769
2025-10-23,EMEQ,37.49,883879
2025-10-24,EMEQ,36.95,1459222
2025-10-27,EMEQ,36.4,944193
2025-10-28,EMEQ,36.04,2089306
2025-10-29,EMEQ,35.26,2473102
2025-10-30,EMEQ,35.15,1769894
2025-10-31,EMEQ,35.14,607534
2025-11-03,EMEQ,35.23,1838022
2025-11-04,EMEQ,35.25,1822292
2025-11-05,EMEQ,36.03,453201
2025-11-06,EMEQ,35.64,1265018
2025-11-07,EMEQ,35.35,1332810
2025-11-10,EMEQ,35.92,1851072
2025-11-11,EMEQ,35.37,850913
2025-11-12,EMEQ,35.28,2268916
2025-11-13,EMEQ,35.22,1239057
2025-11-14,EMEQ,34.29,450313
2025-11-17,EMEQ,34.69,1756652
2025-11-18,EMEQ,35.13,2487310
2025-11-19,EMEQ,35.78,1615493
2025-11-20,EMEQ,36.43,445304
2025-11-21,EMEQ,37.16,551863
2025-11-24,EMEQ,36.61,601921
2025-11-25,EMEQ,36.44,494497
2025-11-26,EMEQ,35.75,2189304
2025-11-27,EMEQ,35.51,1344274
2025-11-28,EMEQ,35.14,1580490
2025-12-01,EMEQ,34.34,1133458
2025-12-02,EMEQ,34.16,1607205
2025-12-03,EMEQ,34.27,2308722
2025-12-04,EMEQ,34.13,1233206
2025-12-05,EMEQ,34.2,1165726
2025-12-08,EMEQ,34.54,1939879
2025-12-09,EMEQ,35.1,527238
2025-12-10,EMEQ,35.19,631811
2025-12-11,EMEQ,34.8,1183646
2025-12-12,EMEQ,34.36,2481900
2025-12-15,EMEQ,34.96,701684
2025-12-16,EMEQ,35.44,1600078
2025-12-17,EMEQ,35.64,1099138
2025-12-18,EMEQ,34.67,2065222
2025-12-19,EMEQ,35.05,1439215
2025-12-22,EMEQ,35.82,1180034
2025-12-23,EMEQ,35.96,2482105
2025-12-24,EMEQ,36.04,1272042
2025-12-25,EMEQ,35.83,1728133
2025-12-26,EMEQ,35.81,1881795
2025-12-29,EMEQ,35.49,2271445
2025-12-30,EMEQ,36.36,1607523
2025-12-31,EMEQ,37.03,1102813
2026-01-01,EMEQ,36.75,1177277
2026-01-02,EMEQ,35.9,1177361
2026-01-05,EMEQ,34.92,1879590
2026-01-06,EMEQ,34.81,1492025
2026-01-07,EMEQ,33.67,1961519
2026-01-08,EMEQ,34.86,1843339
2026-01-09,EMEQ,34.2,1794744
2026-01-12,EMEQ,33.16,1227892
2026-01-13,EMEQ,33.49,2051822
2026-01-14,EMEQ,33.8,1889085
2026-01-15,EMEQ,32.52,2128396
2026-01-16,EMEQ,32.16,1704982
2026-01-19,EMEQ,32.09,2323030
2026-01-20,EMEQ,32.05,1364357
2026-01-21,EMEQ,31.51,2418267
2026-01-22,EMEQ,31.0,2021885
2026-01-23,EMEQ,31.24,1744493
2026-01-26,EMEQ,31.62,1915940
2026-01-27,EMEQ,32.4,1688175
2026-01-28,EMEQ,32.09,1950946
2026-01-29,EMEQ,32.65,1670528
2026-01-30,EMEQ,32.16,1242538
2026-02-02,EMEQ,31.82,1698180
2026-02-03,EMEQ,31.73,687388
2026-02-04,EMEQ,31.18,1773181
2026-02-05,EMEQ,30.89,1980720
2026-02-06,EMEQ,29.9,682604
2026-02-09,EMEQ,30.2,623463
2026-02-10,EMEQ,29.6,1240698
2026-02-11,EMEQ,29.38,445218
2026-02-12,EMEQ,30.26,2392751
2026-02-13,EMEQ,30.56,2438965
2026-02-16,EMEQ,30.3,741909
2026-02-17,EMEQ,30.28,1963867
2026-02-18,EMEQ,30.58,578681
2026-02-19,EMEQ,30.16,1611288
2026-02-20,EMEQ,30.39,1202635
2026-02-23,EMEQ,31.97,807243
2026-02-24,EMEQ,32.09,1579255
2026-02-25,EMEQ,31.08,2448502
2026-02-26,EMEQ,31.24,552313
2026-02-27,EMEQ,31.69,444342
2026-03-02,EMEQ,31.66,1650336
2026-03-03,EMEQ,31.99,905353
2026-03-04,EMEQ,31.0,1153783
2026-03-05,EMEQ,31.13,2090142
2026-03-06,EMEQ,31.33,2391645
2026-03-09,EMEQ,31.47,871414
2026-03-10,EMEQ,29.9,1234537
2026-03-11,EMEQ,30.89,2381326
2026-03-12,EMEQ,30.96,1014372
2026-03-13,EMEQ,31.88,1946314
2026-03-16,EMEQ,32.7,1848346
2026-03-17,EMEQ,33.09,985108
2026-03-18,EMEQ,33.19,2075344
2026-03-19,EMEQ,32.76,1253552
2026-03-20,EMEQ,31.78,2323829
2026-03-23,EMEQ,32.62,2048716
2026-03-24,EMEQ,32.73,1906091
2026-03-25,EMEQ,33.23,1957353
2026-03-26,EMEQ,33.6,1898266
2026-03-27,EMEQ,35.22,1656193
2026-03-30,EMEQ,34.84,2000115
2026-03-31,EMEQ,34.96,963229
2026-04-01,EMEQ,35.36,420244
2026-04-02,EMEQ,36.42,1115040
2026-04-03,EMEQ,36.44,1968325
2026-04-06,EMEQ,36.37,1550742
2026-04-07,EMEQ,35.5,1614771
2026-04-08,EMEQ,35.61,1845307
2026-04-09,EMEQ,36.67,902533
2026-04-10,EMEQ,36.81,1823819
2026-04-13,EMEQ,36.8,2069079
2026-04-14,EMEQ,36.27,1700694
2026-04-15,EMEQ,35.87,2103715
2026-04-16,EMEQ,35.87,1406271
2026-04-17,EMEQ,36.01,1579800
2026-04-20,EMEQ,36.16,1993042
2026-04-21,EMEQ,35.39,913248
2026-04-22,EMEQ,34.96,1068633
2026-04-23,EMEQ,34.04,586989
2026-04-24,EMEQ,36.1,1177859
2026-04-27,EMEQ,36.38,581557
2026-04-28,EMEQ,37.27,1050808
2026-04-29,EMEQ,38.4,2111777
2026-04-30,EMEQ,36.63,1362521
2026-05-01,EMEQ,36.16,2127887
2026-05-04,EMEQ,35.72,1688702
2026-05-05,EMEQ,35.21,1372776
2026-05-06,EMEQ,36.34,821726
2026-05-07,EMEQ,36.3,2215739
2026-05-08,EMEQ,36.34,722084
2026-05-11,EMEQ,35.76,495057
2026-05-12,EMEQ,36.16,408748
2026-05-13,EMEQ,35.46,1128318
2026-05-14,EMEQ,36.1,1045549
2026-05-15,EMEQ,36.28,717010
2026-05-18,EMEQ,35.69,1348358
2026-05-19,EMEQ,36.11,2197306
2026-05-20,EMEQ,36.46,1848605
2026-05-21,EMEQ,36.57,978793
2026-05-22,EMEQ,37.75,477564
2026-05-25,EMEQ,37.58,1189375
2026-05-26,EMEQ,37.99,873523
2026-05-27,EMEQ,39.57,949066
2026-05-28,EMEQ,39.79,2143985
2026-05-29,EMEQ,40.29,1335455
2026-06-01,EMEQ,40.75,1609398
2026-06-02,EMEQ,40.38,600610
2026-06-03,EMEQ,40.53,1807509
2026-06-04,EMEQ,41.08,2167945
2026-06-05,EMEQ,41.23,1270402
2026-06-08,EMEQ,41.44,1779336
2026-06-09,EMEQ,41.42,2197245
2026-06-10,EMEQ,42.17,1182286
2026-06-11,EMEQ,42.49,2004103
2026-06-12,EMEQ,41.37,1372650
2026-06-15,EMEQ,41.26,1034611
2026-06-16,EMEQ,40.52,1974679
2026-06-17,EMEQ,41.44,1030906
2026-06-18,EMEQ,42.78,2104417
2026-06-19,EMEQ,42.76,2047801
2026-06-22,EMEQ,44.24,1538452
2026-06-23,EMEQ,44.45,643791
2026-06-24,EMEQ,44.93,2004214
2026-06-25,EMEQ,45.68,1034715
2026-06-26,EMEQ,47.29,1604636
2026-06-29,EMEQ,48.0,524551
2026-06-30,EMEQ,47.95,1669836
2026-07-01,EMEQ,49.73,1792863
2026-07-02,EMEQ,48.81,1770881
2026-07-03,EMEQ,49.3,1186148
2026-07-06,EMEQ,48.51,2115946
2026-07-07,EMEQ,47.13,1572040
2026-07-08,EMEQ,47.42,1534643
2026-07-09,EMEQ,47.55,1780444
2026-07-10,EMEQ,47.31,1835284
2026-07-13,EMEQ,47.08,753467
2026-07-14,EMEQ,46.76,899039
2026-07-15,EMEQ,46.16,1834600
2026-07-16,EMEQ,47.8,2201693
2026-07-17,EMEQ,47.68,1449288
2026-07-20,EMEQ,48.11,2251964
2026-07-21,EMEQ,48.32,621066
2026-07-22,EMEQ,48.21,1074075
2026-07-23,EMEQ,48.78,1579175
2026-07-24,EMEQ,48.46,1240145
2026-07-27,EMEQ,49.75,501994
2026-07-28,EMEQ,49.1,2123088
2026-07-29,EMEQ,47.58,944569
2026-07-30,EMEQ,47.44,665987
2026-07-31,EMEQ,47.21,1059445
2026-08-03,EMEQ,47.38,2420448
2026-08-04,EMEQ,45.88,1308767
2026-08-05,EMEQ,44.28,2051335
2026-08-06,EMEQ,45.07,1160515
2026-08-07,EMEQ,44.04,1746481
2026-08-10,EMEQ,44.13,1128692
2026-08-11,EMEQ,44.15,1957675
2026-08-12,EMEQ,42.51,414522
2026-08-13,EMEQ,42.19,1552320
2026-08-14,EMEQ,43.24,2113388
2026-08-17,EMEQ,43.01,954291
2026-08-18,EMEQ,42.74,2498326
2026-08-19,EMEQ,43.06,951968
2026-08-20,EMEQ,41.61,1413816
2026-08-21,EMEQ,41.09,969174
2026-08-24,EMEQ,40.94,2170193
2026-08-25,EMEQ,40.29,1486252
2026-08-26,EMEQ,39.86,791494
2026-08-27,EMEQ,39.86,438241
2026-08-28,EMEQ,40.47,849056
2026-08-31,EMEQ,40.31,966470
2026-09-01,EMEQ,40.92,782585
2026-09-02,EMEQ,40.61,2286033
2026-09-03,EMEQ,41.45,1357192
2026-09-04,EMEQ,39.61,1466968
2026-09-07,EMEQ,40.19,1265015
2026-09-08,EMEQ,40.17,1469330
2026-09-09,EMEQ,41.31,938748
2026-09-10,EMEQ,40.78,474141
2026-09-11,EMEQ,40.49,1429324
2026-09-14,EMEQ,40.03,1619266
2026-09-15,EMEQ,40.27,1371979
2026-09-16,EMEQ,39.92,469368
2026-09-17,EMEQ,40.07,1918369
2026-09-18,EMEQ,40.28,885770
2026-09-21,EMEQ,41.31,884265
2026-09-22,EMEQ,42.86,1264436
2026-09-23,EMEQ,41.4,895686
2026-09-24,EMEQ,41.04,459355
2026-09-25,EMEQ,40.48,1992475
2026-09-28,EMEQ,40.04,866132
2026-09-29,EMEQ,39.86,984300
2026-09-30,EMEQ,39.68,814463
2025-09-30,PE-FUND,867.94,47499
2025-10-01,PE-FUND,868.96,68125
2025-10-02,PE-FUND,868.37,36741
2025-10-03,PE-FUND,866.04,273891
2025-10-06,PE-FUND,867.1,253019
2025-10-07,PE-FUND,867.24,85281
2025-10-08,PE-FUND,866.64,105377
2025-10-09,PE-FUND,867.77,213016
2025-10-10,PE-FUND,868.99,252097
2025-10-13,PE-FUND,871.25,271725
2025-10-14,PE-FUND,875.91,73313
2025-10-15,PE-FUND,877.1,163898
2025-10-16,PE-FUND,872.71,124783
2025-10-17,PE-FUND,874.11,280814
2025-10-20,PE-FUND,867.56,255673
2025-10-21,PE-FUND,871.63,229507
2025-10-22,PE-FUND,877.35,127365
2025-10-23,PE-FUND,880.58,27194
2025-10-24,PE-FUND,877.53,155814
2025-10-27,PE-FUND,876.41,145399
2025-10-28,PE-FUND,876.3,226725
2025-10-29,PE-FUND,874.01,204339
2025-10-30,PE-FUND,868.93,239170
2025-10-31,PE-FUND,870.28,156427
2025-11-03,PE-FUND,876.11,283369
2025-11-04,PE-FUND,880.49,151825
2025-11-05,PE-FUND,885.97,290104
2025-11-06,PE-FUND,888.82,190420
2025-11-07,PE-FUND,892.26,147919
2025-11-10,PE-FUND,893.84,251964
2025-11-11,PE-FUND,889.04,219175
2025-11-12,PE-FUND,889.28,124567
2025-11-13,PE-FUND,885.5,62209
2025-11-14,PE-FUND,885.97,157650
2025-11-17,PE-FUND,876.25,84133
2025-11-18,PE-FUND,873.0,187537
2025-11-19,PE-FUND,870.98,130038
2025-11-20,PE-FUND,875.4,108923
2025-11-21,PE-FUND,873.35,296841
2025-11-24,PE-FUND,867.94,231097
2025-11-25,PE-FUND,868.36,283480
2025-11-26,PE-FUND,868.54,256593
2025-11-27,PE-FUND,867.88,226498
2025-11-28,PE-FUND,872.21,94419
2025-12-01,PE-FUND,879.17,42112
2025-12-02,PE-FUND,882.32,67129
2025-12-03,PE-FUND,880.54,223441
2025-12-04,PE-FUND,883.87,174787
2025-12-05,PE-FUND,883.6,43633
2025-12-08,PE-FUND,882.95,205133
2025-12-09,PE-FUND,884.45,77882
2025-12-10,PE-FUND,888.32,114599
2025-12-11,PE-FUND,891.52,102414
2025-12-12,PE-FUND,892.05,33448
2025-12-15,PE-FUND,888.08,177310
2025-12-16,PE-FUND,880.13,145926
2025-12-17,PE-FUND,880.63,259510
2025-12-18,PE-FUND,881.77,203458
2025-12-19,PE-FUND,881.56,187344
2025-12-22,PE-FUND,882.66,296124
2025-12-23,PE-FUND,874.83,87308
2025-12-24,PE-FUND,870.25,197224
2025-12-25,PE-FUND,869.78,107031
2025-12-26,PE-FUND,865.01,100809
2025-12-29,PE-FUND,867.88,132197
2025-12-30,PE-FUND,870.42,251031
2025-12-31,PE-FUND,870.95,40208
2026-01-01,PE-FUND,872.72,252513
2026-01-02,PE-FUND,880.05,16292
2026-01-05,PE-FUND,882.97,217970
2026-01-06,PE-FUND,884.72,69046
2026-01-07,PE-FUND,890.92,234044
2026-01-08,PE-FUND,891.59,75708
2026-01-09,PE-FUND,897.9,259590
2026-01-12,PE-FUND,897.37,180485
2026-01-13,PE-FUND,897.43,102709
2026-01-14,PE-FUND,900.85,186396
2026-01-15,PE-FUND,904.05,255361
2026-01-16,PE-FUND,907.43,189314
2026-01-19,PE-FUND,903.88,95721
2026-01-20,PE-FUND,897.01,10922
2026-01-21,PE-FUND,894.99,239301
2026-01-22,PE-FUND,890.33,161703
2026-01-23,PE-FUND,885.57,183138
2026-01-26,PE-FUND,886.82,140952
2026-01-27,PE-FUND,891.43,156916
2026-01-28,PE-FUND,893.73,32309
2026-01-29,PE-FUND,893.88,45886
2026-01-30,PE-FUND,897.85,242965
2026-02-02,PE-FUND,894.73,139985
2026-02-03,PE-FUND,897.73,290303
2026-02-04,PE-FUND,896.21,273425
2026-02-05,PE-FUND,895.53,208068
2026-02-06,PE-FUND,896.06,270657
2026-02-09,PE-FUND,891.16,281394
2026-02-10,PE-FUND,892.92,286804
2026-02-11,PE-FUND,895.05,226077
2026-02-12,PE-FUND,897.84,190527
2026-02-13,PE-FUND,890.93,62563
2026-02-16,PE-FUND,892.01,62877
2026-02-17,PE-FUND,891.57,228439
2026-02-18,PE-FUND,892.83,126871
2026-02-19,PE-FUND,889.4,214191
2026-02-20,PE-FUND,889.34,268151
2026-02-23,PE-FUND,893.89,120679
2026-02-24,PE-FUND,900.45,18583
2026-02-25,PE-FUND,899.23,187261
2026-02-26,PE-FUND,896.43,113768
2026-02-27,PE-FUND,898.97,21798
2026-03-02,PE-FUND,909.03,122062
2026-03-03,PE-FUND,906.42,241540
2026-03-04,PE-FUND,899.36,140298
2026-03-05,PE-FUND,900.81,78644
2026-03-06,PE-FUND,902.42,251300
2026-03-09,PE-FUND,906.01,164642
2026-03-10,PE-FUND,909.9,12439
2026-03-11,PE-FUND,906.99,239128
2026-03-12,PE-FUND,905.96,59884
2026-03-13,PE-FUND,909.85,189545
2026-03-16,PE-FUND,908.57,114187
2026-03-17,PE-FUND,908.36,21130
2026-03-18,PE-FUND,902.97,17494
2026-03-19,PE-FUND,901.48,51169
2026-03-20,PE-FUND,902.41,12539
2026-03-23,PE-FUND,908.52,193937
2026-03-24,PE-FUND,904.76,71052
2026-03-25,PE-FUND,900.34,251210
2026-03-26,PE-FUND,896.81,244265
2026-03-27,PE-FUND,896.65,258836
2026-03-30,PE-FUND,897.2,299031
2026-03-31,PE-FUND,896.53,277764
2026-04-01,PE-FUND,898.47,140834
2026-04-02,PE-FUND,898.53,59048
2026-04-03,PE-FUND,896.49,182271
2026-04-06,PE-FUND,898.92,166961
2026-04-07,PE-FUND,908.2,215960
2026-04-08,PE-FUND,908.99,156449
2026-04-09,PE-FUND,912.01,250392
2026-04-10,PE-FUND,912.99,40734
2026-04-13,PE-FUND,910.41,214155
2026-04-14,PE-FUND,907.31,261332
2026-04-15,PE-FUND,901.64,165116
2026-04-16,PE-FUND,893.81,74751
2026-04-17,PE-FUND,893.92,100697
2026-04-20,PE-FUND,898.45,199353
2026-04-21,PE-FUND,896.11,169997
2026-04-22,PE-FUND,894.23,228546
2026-04-23,PE-FUND,890.19,35409
2026-04-24,PE-FUND,889.54,73533
2026-04-27,PE-FUND,886.5,211741
2026-04-28,PE-FUND,884.99,290701
2026-04-29,PE-FUND,886.04,153776
2026-04-30,PE-FUND,881.87,89305
2026-05-01,PE-FUND,878.65,184783
2026-05-04,PE-FUND,881.12,84829
2026-05-05,PE-FUND,880.07,184414
2026-05-06,PE-FUND,880.65,96491
2026-05-07,PE-FUND,881.2,176372
2026-05-08,PE-FUND,878.73,66218
2026-05-11,PE-FUND,875.75,72858
2026-05-12,PE-FUND,875.2,98147
2026-05-13,PE-FUND,872.38,236735
2026-05-14,PE-FUND,873.16,236356
2026-05-15,PE-FUND,874.56,259258
2026-05-18,PE-FUND,873.62,58245
2026-05-19,PE-FUND,875.56,294504
2026-05-20,PE-FUND,879.28,22779
2026-05-21,PE-FUND,880.01,55592
2026-05-22,PE-FUND,881.64,146690
2026-05-25,PE-FUND,887.0,108404
2026-05-26,PE-FUND,890.32,153272
2026-05-27,PE-FUND,889.16,218065
2026-05-28,PE-FUND,882.86,87180
2026-05-29,PE-FUND,882.94,242893
2026-06-01,PE-FUND,879.98,75961
2026-06-02,PE-FUND,879.35,15319
2026-06-03,PE-FUND,871.91,177457
2026-06-04,PE-FUND,872.74,256977
2026-06-05,PE-FUND,867.89,259132
2026-06-08,PE-FUND,869.68,176652
2026-06-09,PE-FUND,868.01,218926
2026-06-10,PE-FUND,867.7,137853
2026-06-11,PE-FUND,864.18,248352
2026-06-12,PE-FUND,860.2,122467
2026-06-15,PE-FUND,861.28,263051
2026-06-16,PE-FUND,865.63,212425
2026-06-17,PE-FUND,865.39,51039
2026-06-18,PE-FUND,869.05,288766
2026-06-19,PE-FUND,874.14,210496
2026-06-22,PE-FUND,873.35,106792
2026-06-23,PE-FUND,872.18,192714
2026-06-24,PE-FUND,870.41,148538
2026-06-25,PE-FUND,874.44,262347
2026-06-26,PE-FUND,875.85,114297
2026-06-29,PE-FUND,874.64,12424
2026-06-30,PE-FUND,876.62,83331
2026-07-01,PE-FUND,880.05,209059
2026-07-02,PE-FUND,882.97,86384
2026-07-03,PE-FUND,880.82,172690
2026-07-06,PE-FUND,883.23,173908
2026-07-07,PE-FUND,883.67,17504
2026-07-08,PE-FUND,879.73,225135
2026-07-09,PE-FUND,878.33,162410
2026-07-10,PE-FUND,870.6,261161
2026-07-13,PE-FUND,868.98,197807
2026-07-14,PE-FUND,866.31,147614
2026-07-15,PE-FUND,866.04,107218
2026-07-16,PE-FUND,863.92,30458
2026-07-17,PE-FUND,861.8,62138
2026-07-20,PE-FUND,859.57,52467
2026-07-21,PE-FUND,856.19,32656
2026-07-22,PE-FUND,860.57,272361
2026-07-23,PE-FUND,859.51,38734
2026-07-24,PE-FUND,853.7,171489
2026-07-27,PE-FUND,856.86,125845
2026-07-28,PE-FUND,857.42,63042
2026-07-29,PE-FUND,856.38,92138
2026-07-30,PE-FUND,858.21,122142
2026-07-31,PE-FUND,854.47,215626
2026-08-03,PE-FUND,850.37,263933
2026-08-04,PE-FUND,843.57,99498
2026-08-05,PE-FUND,837.66,90077
2026-08-06,PE-FUND,840.03,32372
2026-08-07,PE-FUND,834.31,198305
2026-08-10,PE-FUND,834.8,147699
2026-08-11,PE-FUND,828.73,175962
2026-08-12,PE-FUND,831.51,67420
2026-08-13,PE-FUND,832.37,140950
2026-08-14,PE-FUND,832.85,64212
2026-08-17,PE-FUND,828.76,231048
2026-08-18,PE-FUND,822.42,260803
2026-08-19,PE-FUND,827.54,245027
2026-08-20,PE-FUND,831.6,93020
2026-08-21,PE-FUND,832.77,256540
2026-08-24,PE-FUND,837.17,157992
2026-08-25,PE-FUND,839.01,274186
2026-08-26,PE-FUND,838.03,167528
2026-08-27,PE-FUND,837.54,179972
2026-08-28,PE-FUND,833.69,148668
2026-08-31,PE-FUND,832.11,103588
2026-09-01,PE-FUND,833.63,131026
2026-09-02,PE-FUND,830.96,128918
2026-09-03,PE-FUND,827.27,39665
2026-09-04,PE-FUND,831.55,54281
2026-09-07,PE-FUND,834.79,40396
2026-09-08,PE-FUND,838.97,238330
2026-09-09,PE-FUND,840.84,121339
2026-09-10,PE-FUND,836.44,206871
2026-09-11,PE-FUND,833.11,46234
2026-09-14,PE-FUND,832.19,198869
2026-09-15,PE-FUND,834.31,42711
2026-09-16,PE-FUND,832.87,283621
2026-09-17,PE-FUND,832.02,16521
2026-09-18,PE-FUND,826.24,88859
2026-09-21,PE-FUND,825.81,151480
2026-09-22,PE-FUND,826.82,181348
2026-09-23,PE-FUND,832.7,178362
2026-09-24,PE-FUND,835.78,174202
2026-09-25,PE-FUND,835.81,37674
2026-09-28,PE-FUND,838.61,233390
2026-09-29,PE-FUND,839.99,69855
2026-09-30,PE-FUND,839.87,297090
